Workbook

Sheet Demographic
A1: Participant ID | B1: Initials | C1: Sex | D1: Age | E1: Scan | F1: Quality | G1: Scan | H1: Quality | I1: Scan | J1: Quality | K1: Scan | L1: Quality | M1: Scan | N1: Quality | O1: Scan | P1: Quality | Q1: Scan | R1: Quality | S1: Scan | T1: Quality
A2: Initials | B2: Sex | C2: Age
A5: DP-02DG | B5: M | C5: 43
A6: DP-03JR | B6: M | C6: 47
A7: DP-04RH | B7: M | C7: 70
A8: DP-05TA | B8: M | C8: 60
A9: DP-06JF | B9: F | C9: 68
A10: DP-07AC | B10: M | C10: 57
A11: DP-10JP | B11: M | C11: 64 | E11: Blå er age-matched group
A12: DP-11DC | B12: F | C12: 47
A13: DP-12SR | B13: F | C13: 71
A14: DP-13DH | B14: M | C14: 66
A15: DP-14AT | B15: M | C15: 58
A16: DP15NL | B16: M | C16: 62
A24: Initials | B24: Sex | C24: Age
A25: hp-53RM | B25: M | C25: 26
A26: HP-03MB | B26: F | C26: 28
A27: HP-04GU | B27: F | C27: 31
A28: HP-05IT | B28: M | C28: 24
A29: HP-06MF | B29: F | C29: 26
A30: HP-07VM | B30: F | C30: 29
A31: HP-08AF | B31: M | C31: 33
A32: HP-09PM | B32: F | C32: 27
A33: HP-10ES | B33: F | C33: 26
A34: HP-11AG | B34: F | C34: 22
A35: AR | B35: F | C35: 42
A36: JA | B36: F | C36: 58
... A79: HP-60PW | B79: F | C79: 71

Sheet Vessel area density
D1: SESSION 1 | P1: Coefficient of repeatibility analysis from the baseline scans | T1: SESSION 2 | AF1: Coefficient of repeatibility analysis from the baseline scans | AI1: SESSION 3 | AU1: Coefficient of repeatibility analysis from the baseline scans | AX1: SESSION 4 | BJ1: Coefficient of repeatibility analysis from the baseline scans
D2: Baseline | I2: Ischemia | J2: PORH | Q2: Median value of 5 measures | R2: PORH MAX | S2: Absolute diff between PORH and Median | T2: Baseline | Y2: Ischemia | Z2: PORH | AI2: Baseline | AN2: Ischemia | AO2: PORH | AX2: Baseline | BC2: Ischemia | BD2: PORH
A3: Age group | B3: Health/disease | C3: Participant ID | D3: Scan 1 | E3: Scan 2 | F3: Scan 3 | G3: Scan 4 | H3: Scan 5 | I3: Scan 6 | J3: Scan 7 | K3: Scan 8 | L3: Scan 9 | M3: Scan 10 | N3: Scan 11 | O3: Scan 12 | P3: Variance of (SD) | T3: Scan 1 | U3: Scan 2 | V3: Scan 3 | W3: Scan 4 | X3: Scan 5 | Y3: Scan 6 | Z3: Scan 7 | AA3: Scan 8 | AB3: Scan 9 | AC3: Scan 10 | AD3: Scan 11 | AE3: Scan 12 | AF3: Variance of (SD) | AI3: Scan 1 | AJ3: Scan 2 | AK3: Scan 3 | AL3: Scan 4 | AM3: Scan 5 | AN3: Scan 6 | AO3: Scan 7 | AP3: Scan 8 | AQ3: Scan 9 | AR3: Scan 10 | AS3: Scan 11 | AT3: Scan 12 | AU3: Variance of (SD) | AX3: Scan 1 | AY3: Scan 2 | AZ3: Scan 3 | BA3: Scan 4 | BB3: Scan 5 | BC3: Scan 6 | BD3: Scan 7 | BE3: Scan 8 | BF3: Scan 9 | BG3: Scan 10 | BH3: Scan 11 | BI3: Scan 12 | BJ3: Variance of (SD)
B4: Healthy | C4: HP-03 | D4: 18 | E4: 22 | F4: 27 | G4: 29 | H4: 21 | I4: 14 | J4: 13 | K4: 13 | L4: 17 | M4: 17 | P4: =IFERROR(STDEVA(D4:H4),#N/A) -> 4.5055521 | Q4: =MEDIAN(D4:H4) -> 22 | R4: =MAX(J4:O4) -> 17 | S4: =100*(R4-Q4)/Q4 -> -22.727273 | T4: 23 | U4: 28 | V4: 24 | W4: 26 | X4: 25 | Y4: 13 | Z4: 41 | AA4: 33 | AB4: 37 | AC4: 34 | AF4: =IFERROR(STDEVA(T4:X4),#N/A) -> 1.9235384 | AU4: =IFERROR(STDEVA(AI4:AM4),#N/A) -> #N/A | BJ4: =IFERROR(STDEVA(AX4:BB4),#N/A) -> #N/A
B5: Healthy | C5: HP-05 | D5: 40 | E5: 41 | F5: 48 | G5: 51 | H5: 50 | I5: 20 | J5: 60 | K5: 59 | L5: 60 | M5: 57 | P5: =IFERROR(STDEVA(D5:H5),#N/A) -> 5.1478151 | Q5: =MEDIAN(D5:H5) -> 48 | R5: =MAX(J5:O5) -> 60 | S5: =100*(R5-Q5)/Q5 -> 25 | AF5: =IFERROR(STDEVA(T5:X5),#N/A) -> #N/A | AU5: =IFERROR(STDEVA(AI5:AM5),#N/A) -> #N/A | BJ5: =IFERROR(STDEVA(AX5:BB5),#N/A) -> #N/A
B6: Healthy | C6: HP-06 | D6: 46 | E6: 47 | F6: 44 | G6: 47 | H6: 50 | I6: 25 | J6: 64 | K6: 67 | L6: 63 | M6: 59 | P6: =IFERROR(STDEVA(D6:H6),#N/A) -> 2.1679483 | Q6: =MEDIAN(D6:H6) -> 47 | R6: =MAX(J6:O6) -> 67 | S6: =100*(R6-Q6)/Q6 -> 42.553191 | AF6: =IFERROR(STDEVA(T6:X6),#N/A) -> #N/A | AU6: =IFERROR(STDEVA(AI6:AM6),#N/A) -> #N/A | BJ6: =IFERROR(STDEVA(AX6:BB6),#N/A) -> #N/A
B7: Healthy | C7: HP-07 | D7: 34 | E7: 27 | F7: 21 | G7: 20 | H7: 28 | I7: 21 | J7: 12 | K7: 15 | L7: 22 | M7: 21 | P7: =IFERROR(STDEVA(D7:H7),#N/A) -> 5.7008771 | Q7: =MEDIAN(D7:H7) -> 27 | R7: =MAX(J7:O7) -> 22 | S7: =100*(R7-Q7)/Q7 -> -18.518519 | T7: 34 | U7: 37 | V7: 38 | W7: 38 | X7: 40 | Y7: 17 | Z7: 57 | AA7: 57 | AB7: 48 | AC7: 51 | AF7: =IFERROR(STDEVA(T7:X7),#N/A) -> 2.1908902 | AU7: =IFERROR(STDEVA(AI7:AM7),#N/A) -> #N/A | BJ7: =IFERROR(STDEVA(AX7:BB7),#N/A) -> #N/A
B8: Healthy | C8: HP-09 | D8: 26 | E8: 33 | F8: 38 | G8: 38 | H8: 33 | I8: 19 | J8: 68 | K8: 62 | L8: 57 | M8: 53 | P8: =IFERROR(STDEVA(D8:H8),#N/A) -> 4.929503 | Q8: =MEDIAN(D8:H8) -> 33 | R8: =MAX(J8:O8) -> 68 | S8: =100*(R8-Q8)/Q8 -> 106.06061 | AF8: =IFERROR(STDEVA(T8:X8),#N/A) -> #N/A | AU8: =IFERROR(STDEVA(AI8:AM8),#N/A) -> #N/A | BJ8: =IFERROR(STDEVA(AX8:BB8),#N/A) -> #N/A
B9: Healthy | C9: HP-10 | D9: 31 | E9: 32 | F9: 31 | G9: 32 | H9: 28 | I9: 30 | J9: 54 | K9: 39 | L9: 33 | M9: 35 | P9: =IFERROR(STDEVA(D9:H9),#N/A) -> 1.6431677 | Q9: =MEDIAN(D9:H9) -> 31 | R9: =MAX(J9:O9) -> 54 | S9: =100*(R9-Q9)/Q9 -> 74.193548 | AF9: =IFERROR(STDEVA(T9:X9),#N/A) -> #N/A | AU9: =IFERROR(STDEVA(AI9:AM9),#N/A) -> #N/A | BJ9: =IFERROR(STDEVA(AX9:BB9),#N/A) -> #N/A
B10: Healthy | C10: HP-11 | D10: 26 | E10: 35 | F10: 25 | G10: 28 | H10: 27 | I10: 27 | J10: 51 | K10: 57 | L10: 50 | M10: 38 | P10: =IFERROR(STDEVA(D10:H10),#N/A) -> 3.9623226 | Q10: =MEDIAN(D10:H10) -> 27 | R10: =MAX(J10:O10) -> 57 | S10: =100*(R10-Q10)/Q10 -> 111.11111 | AF10: =IFERROR(STDEVA(T10:X10),#N/A) -> #N/A | AU10: =IFERROR(STDEVA(AI10:AM10),#N/A) -> #N/A | BJ10: =IFERROR(STDEVA(AX10:BB10),#N/A) -> #N/A
B11: Healthy | C11: HP-18 | D11: 26 | E11: 29 | F11: 55 | G11: 56 | H11: 50 | I11: 18 | J11: 66 | K11: 68 | L11: 67 | M11: 67 | P11: =IFERROR(STDEVA(D11:H11),#N/A) -> 14.549914 | Q11: =MEDIAN(D11:H11) -> 50 | R11: =MAX(J11:O11) -> 68 | S11: =100*(R11-Q11)/Q11 -> 36 | AF11: =IFERROR(STDEVA(T11:X11),#N/A) -> #N/A | AU11: =IFERROR(STDEVA(AI11:AM11),#N/A) -> #N/A | BJ11: =IFERROR(STDEVA(AX11:BB11),#N/A) -> #N/A
B12: Healthy | C12: HP-24 | D12: 30 | E12: 35 | F12: 37 | G12: 36 | H12: 32 | I12: 23 | J12: 41 | K12: 42 | L12: 37 | M12: 43 | N12: 35 | O12: 31 | P12: =IFERROR(STDEVA(D12:H12),#N/A) -> 2.9154759 | Q12: =MEDIAN(D12:H12) -> 35 | R12: =MAX(J12:O12) -> 43 | S12: =100*(R12-Q12)/Q12 -> 22.857143 | AF12: =IFERROR(STDEVA(T12:X12),#N/A) -> #N/A | AU12: =IFERROR(STDEVA(AI12:AM12),#N/A) -> #N/A | BJ12: =IFERROR(STDEVA(AX12:BB12),#N/A) -> #N/A
P13: Mean of median | Q13: =AVERAGE(Q4:Q12) -> 35.555556 | R13: =AVERAGE(R4:R12) -> 50.666667 | S13: =AVERAGE(S4:S12) -> 41.836645 | AF13: =IFERROR(STDEVA(T13:X13),#N/A) -> #N/A | AU13: =IFERROR(STDEVA(AI13:AM13),#N/A) -> #N/A | BJ13: =IFERROR(STDEVA(AX13:BB13),#N/A) -> #N/A
P14: SD | Q14: =STDEVA(Q4:Q12) -> 10.321229 | R14: =STDEVA(R4:R12) -> 19.429359 | S14: =STDEVA(S4:S12) -> 48.036649 | AF14: =IFERROR(STDEVA(T14:X14),#N/A) -> #N/A | AU14: =IFERROR(STDEVA(AI14:AM14),#N/A) -> #N/A | BJ14: =IFERROR(STDEVA(AX14:BB14),#N/A) -> #N/A
P15: COV | Q15: =Q14/Q13 -> 0.29028458 | R15: =R14/R13 -> 0.3834742 | S15: =S14/S13 -> 1.1481955 | AF15: =IFERROR(STDEVA(T15:X15),#N/A) -> #N/A | AU15: =IFERROR(STDEVA(AI15:AM15),#N/A) -> #N/A | BJ15: =IFERROR(STDEVA(AX15:BB15),#N/A) -> #N/A
O16: Number of scans per subject | P16: 5 | Q16: <-insert correct numbers before the analysis | AE16: Number of scans per subject | AF16: 5 | AG16: <-insert correct numbers before the analysis | AT16: Number of scans per subject | AU16: 5 | AV16: <-insert correct numbers before the analysis | BI16: Number of scans per subject | BJ16: 5 | BK16: <-insert correct numbers before the analysis
O17: Number of subjects | P17: 9 | Q17: <-insert correct numbers before the analysis | AE17: Number of subjects | AF17: 10 | AG17: <-insert correct numbers before the analysis | AT17: Number of subjects | AU17: 10 | AV17: <-insert correct numbers before the analysis | BI17: Number of subjects | BJ17: 10 | BK17: <-insert correct numbers before the analysis
O18: Within SD | P18: =SQRT(AVERAGE(P4:P12)) -> 2.249014 | AE18: Within SD | AF18: =SQRT(AVERAGE(AF4:AF15)) -> #N/A | AT18: Within SD | AU18: =SQRT(AVERAGE(AU4:AU15)) -> #N/A | BI18: Within SD | BJ18: =SQRT(AVERAGE(BJ4:BJ15)) -> #N/A
O19: CR | P19: =2.77*P18 -> 6.2297688 | AE19: CR | AF19: =2.77*AF18 -> #N/A | AT19: CR | AU19: =2.77*AU18 -> #N/A | BI19: CR | BJ19: =2.77*BJ18 -> #N/A
O20: CI_A | P20: =P19-(1.96*(P18/(SQRT(2*P17*(P16-1))))) -> 5.7102731 | AE20: CI_A | AF20: =AF19-(1.96*(AF18/(SQRT(2*AF17*(AF16-1))))) -> #N/A | AT20: CI_A | AU20: =AU19-(1.96*(AU18/(SQRT(2*AU17*(AU16-1))))) -> #N/A | BI20: CI_A | BJ20: =BJ19-(1.96*(BJ18/(SQRT(2*BJ17*(BJ16-1))))) -> #N/A
O21: CI_B | P21: =P19+(1.96*(P18/(SQRT(2*P17*(P16-1))))) -> 6.7492645 | AE21: CI_B | AF21: =AF19+(1.96*(AF18/(SQRT(2*AF17*(AF16-1))))) -> #N/A | AT21: CI_B | AU21: =AU19+(1.96*(AU18/(SQRT(2*AU17*(AU16-1))))) -> #N/A | BI21: CI_B | BJ21: =BJ19+(1.96*(BJ18/(SQRT(2*BJ17*(BJ16-1))))) -> #N/A
A23: 30-39 | B23: Healthy | C23: HP-04 | D23: 34 | E23: 31 | F23: 36 | G23: 40 | H23: 46 | I23: 14 | J23: 56 | K23: 47 | L23: 43 | M23: 43 | P23: =IFERROR(STDEVA(D23:H23),#N/A) -> 5.8137767 | Q23: =MEDIAN(D23:H23) -> 36 | R23: =MAX(J23:O23) -> 56 | S23: =100*(R23-Q23)/Q23 -> 55.555556
B24: Healthy | C24: HP-08 | D24: 28 | E24: 41 | F24: 41 | G24: 39 | H24: 36 | I24: 20 | J24: 65 | K24: 62 | L24: 60 | M24: 57 | P24: =IFERROR(STDEVA(D24:H24),#N/A) -> 5.4313902 | Q24: =MEDIAN(D24:H24) -> 39 | R24: =MAX(J24:O24) -> 65 | S24: =100*(R24-Q24)/Q24 -> 66.666667
B25: Healthy | C25: HP-19 | D25: 15 | E25: 24 | F25: 16 | G25: 23 | H25: 30 | I25: 15 | J25: 46 | K25: 47 | L25: 58 | M25: 35 | P25: =IFERROR(STDEVA(D25:H25),#N/A) -> 6.1886994 | Q25: =MEDIAN(D25:H25) -> 23 | R25: =MAX(J25:O25) -> 58 | S25: =100*(R25-Q25)/Q25 -> 152.17391
B26: Healthy | C26: HP-21 | D26: 36 | E26: 41 | F26: 46 | G26: 41 | H26: 44 | I26: 16 | J26: 51 | K26: 44 | L26: 41 | M26: 41 | N26: 42 | O26: 42 | P26: =IFERROR(STDEVA(D26:H26),#N/A) -> 3.7815341 | Q26: =MEDIAN(D26:H26) -> 41 | R26: =MAX(J26:O26) -> 51 | S26: =100*(R26-Q26)/Q26 -> 24.390244 | T26: 38 | U26: 43 | V26: 41 | W26: 37 | X26: 38 | Y26: 24 | Z26: 43 | AA26: 49 | AB26: 51 | AC26: 44 | AD26: 47 | AE26: 45
B27: Healthy | C27: HP-22 | D27: 46 | E27: 24 | F27: 52 | G27: 52 | H27: 54 | I27: 22 | J27: 41 | K27: 35 | L27: 36 | M27: 34 | N27: 44 | O27: 40 | P27: =IFERROR(STDEVA(D27:H27),#N/A) -> 12.441865 | Q27: =MEDIAN(D27:H27) -> 52 | R27: =MAX(J27:O27) -> 44 | S27: =100*(R27-Q27)/Q27 -> -15.384615
B28: Healthy | C28: HP-30 | D28: 17 | E28: 24 | F28: 28 | G28: 29 | H28: 23 | I28: 24 | J28: 22 | K28: 33 | L28: 36 | M28: 35 | N28: 35 | O28: 32 | P28: =IFERROR(STDEVA(D28:H28),#N/A) -> 4.7644517 | Q28: =MEDIAN(D28:H28) -> 24 | R28: =MAX(J28:O28) -> 36 | S28: =100*(R28-Q28)/Q28 -> 50
B29: Healthy | C29: HP-38 | D29: 32 | E29: 25 | F29: 23 | G29: 25 | H29: 23 | I29: 23 | J29: 39 | K29: 29 | L29: 21 | M29: 26 | N29: 27 | O29: 22 | P29: =IFERROR(STDEVA(D29:H29),#N/A) -> 3.7148351 | Q29: =MEDIAN(D29:H29) -> 25 | R29: =MAX(J29:O29) -> 39 | S29: =100*(R29-Q29)/Q29 -> 56
P30: Mean of median | Q30: =AVERAGE(Q23:Q29) -> 34.285714 | R30: =AVERAGE(R23:R29) -> 49.857143 | S30: =AVERAGE(S23:S29) -> 55.628823
P31: SD | Q31: =STDEVA(Q19:Q29) -> 10.827654 | R31: =STDEVA(R19:R29) -> 10.636863 | S31: =STDEVA(S23:S29) -> 50.815635
P32: COV | Q32: =Q31/Q30 -> 0.31580658 | R32: =R31/R30 -> 0.21334682 | S32: =S31/S30 -> 0.91347671
O33: Number of scans per subject | P33: 5 | Q33: <-insert correct numbers before the analysis | AE33: Number of scans per subject | AF33: 5 | AG33: <-insert correct numbers before the analysis | AT33: Number of scans per subject | AU33: 5 | AV33: <-insert correct numbers before the analysis | BI33: Number of scans per subject | BJ33: 5 | BK33: <-insert correct numbers before the analysis
O34: Number of subjects | P34: 7 | Q34: <-insert correct numbers before the analysis | AE34: Number of subjects | AF34: 10 | AG34: <-insert correct numbers before the analysis | AT34: Number of subjects | AU34: 10 | AV34: <-insert correct numbers before the analysis | BI34: Number of subjects | BJ34: 10 | BK34: <-insert correct numbers before the analysis
O35: Within SD | P35: =SQRT(AVERAGE(P23:P32)) -> 2.4534685 | AE35: Within SD | AF35: =SQRT(AVERAGE(AF23:AF32)) -> #DIV/0! | AT35: Within SD | AU35: =SQRT(AVERAGE(AU23:AU32)) -> #DIV/0! | BI35: Within SD | BJ35: =SQRT(AVERAGE(BJ23:BJ32)) -> #DIV/0!
O36: CR | P36: =2.77*P35 -> 6.7961076 | AE36: CR | AF36: =2.77*AF35 -> #DIV/0! | AT36: CR | AU36: =2.77*AU35 -> #DIV/0! | BI36: CR | BJ36: =2.77*BJ35 -> #DIV/0!
O37: CI_A | P37: =P36-(1.96*(P35/(SQRT(2*P34*(P33-1))))) -> 6.1535049 | AE37: CI_A | AF37: =AF36-(1.96*(AF35/(SQRT(2*AF34*(AF33-1))))) -> #DIV/0! | AT37: CI_A | AU37: =AU36-(1.96*(AU35/(SQRT(2*AU34*(AU33-1))))) -> #DIV/0! | BI37: CI_A | BJ37: =BJ36-(1.96*(BJ35/(SQRT(2*BJ34*(BJ33-1))))) -> #DIV/0!
O38: CI_B | P38: =P36+(1.96*(P35/(SQRT(2*P34*(P33-1))))) -> 7.4387103 | AE38: CI_B | AF38: =AF36+(1.96*(AF35/(SQRT(2*AF34*(AF33-1))))) -> #DIV/0! | AT38: CI_B | AU38: =AU36+(1.96*(AU35/(SQRT(2*AU34*(AU33-1))))) -> #DIV/0! | BI38: CI_B | BJ38: =BJ36+(1.96*(BJ35/(SQRT(2*BJ34*(BJ33-1))))) -> #DIV/0!
A40: 40-49 | B40: Healthy | C40: HP-12 | D40: 37 | E40: 42 | F40: 41 | G40: 45 | H40: 41 | I40: 20 | J40: 55 | K40: 49 | L40: 50 | M40: 47 | P40: =IFERROR(STDEVA(D40:H40),#N/A) -> 2.8635642 | Q40: =MEDIAN(D40:H40) -> 41 | R40: =MAX(J40:O40) -> 55 | S40: =100*(R40-Q40)/Q40 -> 34.146341
B41: Healthy | C41: HP-15 | D41: 25 | E41: 20 | F41: 18 | G41: 19 | H41: 21 | I41: 16 | J41: 54 | K41: 51 | L41: 39 | M41: 33 | P41: =IFERROR(STDEVA(D41:H41),#N/A) -> 2.7018512 | Q41: =MEDIAN(D41:H41) -> 20 | R41: =MAX(J41:O41) -> 54 | S41: =100*(R41-Q41)/Q41 -> 170
B42: Healthy | C42: HP-20 | D42: 27 | E42: 27 | F42: 26 | G42: 32 | H42: 32 | I42: 26 | J42: 49 | K42: 43 | L42: 39 | M42: 37 | N42: 31 | O42: 43 | P42: =IFERROR(STDEVA(D42:H42),#N/A) -> 2.9495762 | Q42: =MEDIAN(D42:H42) -> 27 | R42: =MAX(J42:O42) -> 49 | S42: =100*(R42-Q42)/Q42 -> 81.481481 | T42: 28 | U42: 36 | V42: 38 | W42: 39 | X42: 44 | Y42: 20 | Z42: 49 | AA42: 45 | AB42: 45 | AC42: 41 | AD42: 38 | AE42: 38
B43: Healthy | C43: HP-29 | D43: 19 | E43: 18 | F43: 23 | G43: 24 | I43: 26 | J43: 41 | K43: 31 | L43: 28 | M43: 29 | N43: 34 | O43: 33 | P43: =IFERROR(STDEVA(D43:H43),#N/A) -> 2.9439203 | Q43: =MEDIAN(D43:H43) -> 21 | R43: =MAX(J43:O43) -> 41 | S43: =100*(R43-Q43)/Q43 -> 95.238095
B44: Healthy | C44: HP-32 | D44: 29 | E44: 27 | F44: 24 | G44: 27 | H44: 31 | I44: 23 | J44: 42 | K44: 29 | L44: 27 | M44: 30 | N44: 30 | O44: 34 | P44: =IFERROR(STDEVA(D44:H44),#N/A) -> 2.607681 | Q44: =MEDIAN(D44:H44) -> 27 | R44: =MAX(J44:O44) -> 42 | S44: =100*(R44-Q44)/Q44 -> 55.555556
B45: Healthy | C45: HP-35 | D45: 24 | E45: 29 | F45: 27 | G45: 27 | H45: 26 | I45: 26 | J45: 53 | K45: 44 | L45: 36 | M45: 39 | N45: 40 | O45: 37 | P45: =IFERROR(STDEVA(D45:H45),#N/A) -> 1.8165902 | Q45: =MEDIAN(D45:H45) -> 27 | R45: =MAX(J45:O45) -> 53 | S45: =100*(R45-Q45)/Q45 -> 96.296296 | T45: 23 | U45: 28 | V45: 25 | W45: 25 | X45: 23 | Y45: 19 | Z45: 54 | AA45: 46 | AB45: 37 | AC45: 34 | AD45: 32 | AE45: 33 | AI45: 38 | AJ45: 36 | AK45: 39 | AL45: 36 | AM45: 38 | AN45: 29 | AO45: 54 | AP45: 52 | AQ45: 50 | AR45: 49 | AS45: 45 | AT45: 47 | AX45: 35 | AY45: 40 | AZ45: 39 | BA45: 39 | BB45: 39 | BC45: 29 | BD45: 52 | BE45: 48 | BF45: 43 | BG45: 43 | BH45: 40 | BI45: 42
B46: Healthy | C46: HP-41 | D46: 27 | E46: 37 | F46: 41 | G46: 39 | H46: 42 | I46: 46 | J46: 31 | K46: 59 | L46: 52 | M46: 47 | N46: 51 | O46: 42 | P46: =IFERROR(STDEVA(D46:H46),#N/A) -> 6.0166436 | Q46: =MEDIAN(D46:H46) -> 39 | R46: =MAX(J46:O46) -> 59 | S46: =100*(R46-Q46)/Q46 -> 51.282051
B47: Healthy | C47: HP-44 | D47: 34 | E47: 37 | F47: 36 | G47: 40 | H47: 35 | I47: 30 | J47: 58 | K47: 37 | L47: 40 | M47: 33 | N47: 36 | O47: 35 | P47: =IFERROR(STDEVA(D47:H47),#N/A) -> 2.3021729 | Q47: =MEDIAN(D47:H47) -> 36 | R47: =MAX(J47:O47) -> 58 | S47: =100*(R47-Q47)/Q47 -> 61.111111
B48: Healthy | C48: HP-45 | D48: 48 | E48: 50 | F48: 51 | G48: 51 | H48: 48 | I48: 19 | J48: 63 | K48: 60 | L48: 56 | M48: 54 | N48: 52 | O48: 52 | P48: =IFERROR(STDEVA(D48:H48),#N/A) -> 1.5165751 | Q48: =MEDIAN(D48:H48) -> 50 | R48: =MAX(J48:O48) -> 63 | S48: =100*(R48-Q48)/Q48 -> 26
B49: Healthy | C49: HP-49 | D49: 30 | E49: 37 | F49: 50 | G49: 46 | H49: 44 | I49: 24 | J49: 63 | K49: 55 | L49: 53 | M49: 49 | N49: 51 | O49: 49 | P49: =IFERROR(STDEVA(D49:H49),#N/A) -> 7.9246451 | Q49: =MEDIAN(D49:H49) -> 44 | R49: =MAX(J49:O49) -> 63 | S49: =100*(R49-Q49)/Q49 -> 43.181818
B50: Healthy | C50: HP-56 | D50: 34 | E50: 35 | F50: 45 | G50: 50 | H50: 48 | I50: 23 | J50: 67 | K50: 63 | L50: 57 | M50: 51 | N50: 47 | O50: 44 | P50: =IFERROR(STDEVA(D50:H50),#N/A) -> 7.436397 | Q50: =MEDIAN(D50:H50) -> 45 | R50: =MAX(J50:O50) -> 67 | S50: =100*(R50-Q50)/Q50 -> 48.888889 | T50: 43 | U50: 38 | V50: 47 | W50: 47 | X50: 50 | Y50: 28 | Z50: 70 | AA50: 64 | AB50: 58 | AC50: 55 | AD50: 54 | AE50: 52 | AI50: 38 | AJ50: 39 | AK50: 40 | AL50: 47 | AM50: 48 | AN50: 30 | AO50: 69 | AP50: 63 | AQ50: 59 | AR50: 55 | AS50: 52 | AT50: 46 | AX50: 33 | AY50: 35 | AZ50: 44 | BA50: 39 | BB50: 43 | BC50: 34 | BD50: 69 | BE50: 59 | BF50: 53 | BG50: 49 | BH50: 49 | BI50: 51
P51: Mean of median | Q51: =AVERAGE(Q40:Q50) -> 34.272727 | R51: =AVERAGE(R40:R50) -> 54.909091 | S51: =AVERAGE(S40:S50) -> 69.380149
P52: SD | Q52: =STDEVA(Q40:Q50) -> 10.325608 | R52: =STDEVA(R40:R50) -> 8.3839674 | S52: =STDEVA(S40:S50) -> 40.59612
P53: COV | Q53: =Q52/Q51 -> 0.30127769 | R53: =R52/R51 -> 0.15268815 | S53: =S52/S51 -> 0.58512586
O54: Number of scans per subject | P54: 5 | Q54: <-insert correct numbers before the analysis | AE54: Number of scans per subject | AF54: 5 | AG54: <-insert correct numbers before the analysis | AT54: Number of scans per subject | AU54: 5 | AV54: <-insert correct numbers before the analysis | BI54: Number of scans per subject | BJ54: 5 | BK54: <-insert correct numbers before the analysis
O55: Number of subjects | P55: 11 | Q55: <-insert correct numbers before the analysis | AE55: Number of subjects | AF55: 10 | AG55: <-insert correct numbers before the analysis | AT55: Number of subjects | AU55: 10 | AV55: <-insert correct numbers before the analysis | BI55: Number of subjects | BJ55: 10 | BK55: <-insert correct numbers before the analysis
O56: Within SD | P56: =SQRT(AVERAGE(P40:P53)) -> 1.9324882 | AE56: Within SD | AF56: =SQRT(AVERAGE(AF44:AF53)) -> #DIV/0! | AT56: Within SD | AU56: =SQRT(AVERAGE(AU44:AU53)) -> #DIV/0! | BI56: Within SD | BJ56: =SQRT(AVERAGE(BJ44:BJ53)) -> #DIV/0!
O57: CR | P57: =2.77*P56 -> 5.3529923 | AE57: CR | AF57: =2.77*AF56 -> #DIV/0! | AT57: CR | AU57: =2.77*AU56 -> #DIV/0! | BI57: CR | BJ57: =2.77*BJ56 -> #DIV/0!
O58: CI_A | P58: =P57-(1.96*(P56/(SQRT(2*P55*(P54-1))))) -> 4.9492246 | AE58: CI_A | AF58: =AF57-(1.96*(AF56/(SQRT(2*AF55*(AF54-1))))) -> #DIV/0! | AT58: CI_A | AU58: =AU57-(1.96*(AU56/(SQRT(2*AU55*(AU54-1))))) -> #DIV/0! | BI58: CI_A | BJ58: =BJ57-(1.96*(BJ56/(SQRT(2*BJ55*(BJ54-1))))) -> #DIV/0!
O59: CI_B | P59: =P57+(1.96*(P56/(SQRT(2*P55*(P54-1))))) -> 5.75676 | AE59: CI_B | AF59: =AF57+(1.96*(AF56/(SQRT(2*AF55*(AF54-1))))) -> #DIV/0! | AT59: CI_B | AU59: =AU57+(1.96*(AU56/(SQRT(2*AU55*(AU54-1))))) -> #DIV/0! | BI59: CI_B | BJ59: =BJ57+(1.96*(BJ56/(SQRT(2*BJ55*(BJ54-1))))) -> #DIV/0!
A61: 50-59 | B61: Healthy | C61: HP-13 | D61: 38 | E61: 35 | F61: 43 | G61: 42 | H61: 58 | I61: 30 | J61: 45 | K61: 67 | L61: 62 | M61: 57 | P61: =IFERROR(STDEVA(D61:H61),#N/A) -> 8.871302 | Q61: =MEDIAN(D61:H61) -> 42 | R61: =MAX(J61:O61) -> 67 | S61: =100*(R61-Q61)/Q61 -> 59.52381
B62: Healthy | C62: HP-14 | D62: 31 | E62: 40 | F62: 29 | G62: 24 | H62: 26 | I62: 15 | J62: 58 | K62: 61 | L62: 62 | M62: 61 | P62: =IFERROR(STDEVA(D62:H62),#N/A) -> 6.2048368 | Q62: =MEDIAN(D62:H62) -> 29 | R62: =MAX(J62:O62) -> 62 | S62: =100*(R62-Q62)/Q62 -> 113.7931
B63: Healthy | C63: HP-16 | D63: 34 | E63: 36 | F63: 36 | G63: 38 | H63: 38 | I63: 21 | J63: 55 | K63: 51 | L63: 43 | M63: 38 | P63: =IFERROR(STDEVA(D63:H63),#N/A) -> 1.6733201 | Q63: =MEDIAN(D63:H63) -> 36 | R63: =MAX(J63:O63) -> 55 | S63: =100*(R63-Q63)/Q63 -> 52.777778
B64: Healthy | C64: HP-26 | D64: 46 | E64: 44 | F64: 42 | G64: 43 | H64: 28 | I64: 56 | J64: 50 | K64: 46 | L64: 43 | M64: 42 | N64: 42 | P64: =IFERROR(STDEVA(D64:H64),#N/A) -> 7.1972217 | Q64: =MEDIAN(D64:H64) -> 43 | R64: =MAX(J64:O64) -> 50 | S64: =100*(R64-Q64)/Q64 -> 16.27907
B65: Healthy | C65: HP-28 | D65: 28 | E65: 26 | F65: 25 | G65: 23 | H65: 22 | I65: 20 | J65: 23 | K65: 33 | L65: 27 | M65: 21 | N65: 19 | O65: 18 | P65: =IFERROR(STDEVA(D65:H65),#N/A) -> 2.3874673 | Q65: =MEDIAN(D65:H65) -> 25 | R65: =MAX(J65:O65) -> 33 | S65: =100*(R65-Q65)/Q65 -> 32 | T65: 30 | U65: 26 | V65: 25 | W65: 28 | X65: 25 | Y65: 30 | Z65: 40 | AA65: 40 | AB65: 38 | AC65: 35 | AD65: 34 | AE65: 35 | AI65: 27 | AJ65: 23 | AK65: 27 | AL65: 38 | AM65: 34 | AN65: 22 | AO65: 47 | AP65: 46 | AQ65: 42 | AR65: 36 | AS65: 39 | AT65: 37 | AX65: 36 | AY65: 36 | AZ65: 39 | BA65: 42 | BB65: 40 | BC65: 36 | BD65: 48 | BE65: 48 | BF65: 47 | BG65: 45 | BH65: 43 | BI65: 42
B66: Healthy | C66: HP-31 | D66: 26 | E66: 28 | F66: 27 | G66: 29 | H66: 29 | I66: 21 | J66: 45 | K66: 34 | L66: 26 | M66: 32 | N66: 33 | O66: 31 | P66: =IFERROR(STDEVA(D66:H66),#N/A) -> 1.3038405 | Q66: =MEDIAN(D66:H66) -> 28 | R66: =MAX(J66:O66) -> 45 | S66: =100*(R66-Q66)/Q66 -> 60.714286
B67: Healthy | C67: HP-36 | D67: 33 | E67: 27 | F67: 27 | G67: 26 | H67: 31 | I67: 30 | J67: 49 | K67: 40 | L67: 35 | M67: 36 | N67: 36 | O67: 37 | P67: =IFERROR(STDEVA(D67:H67),#N/A) -> 3.0331502 | Q67: =MEDIAN(D67:H67) -> 27 | R67: =MAX(J67:O67) -> 49 | S67: =100*(R67-Q67)/Q67 -> 81.481481
B68: Healthy | C68: HP-37 | D68: 23 | E68: 25 | F68: 32 | G68: 37 | H68: 30 | I68: 32 | J68: 52 | K68: 43 | L68: 35 | M68: 36 | N68: 33 | O68: 33 | P68: =IFERROR(STDEVA(D68:H68),#N/A) -> 5.5946403 | Q68: =MEDIAN(D68:H68) -> 30 | R68: =MAX(J68:O68) -> 52 | S68: =100*(R68-Q68)/Q68 -> 73.333333 | T68: 29 | U68: 35 | V68: 33 | W68: 32 | X68: 32 | Y68: 32 | Z68: 54 | AA68: 43 | AB68: 44 | AC68: 41 | AD68: 40 | AE68: 40 | AI68: 36 | AJ68: 37 | AK68: 39 | AL68: 39 | AM68: 40 | AN68: 33 | AO68: 47 | AP68: 43 | AQ68: 42 | AR68: 42 | AS68: 42 | AT68: 41 | AX68: 28 | AY68: 31 | AZ68: 34 | BA68: 32 | BB68: 33 | BC68: 32 | BD68: 42 | BE68: 42 | BF68: 36 | BG68: 32 | BH68: 33 | BI68: 34
B69: Healthy | C69: HP-39 | D69: 33 | E69: 40 | F69: 40 | G69: 42 | H69: 42 | I69: 21 | J69: 52 | K69: 51 | L69: 49 | M69: 45 | N69: 40 | O69: 40 | P69: =IFERROR(STDEVA(D69:H69),#N/A) -> 3.7148351 | Q69: =MEDIAN(D69:H69) -> 40 | R69: =MAX(J69:O69) -> 52 | S69: =100*(R69-Q69)/Q69 -> 30 | T69: 32 | U69: 32 | V69: 36 | W69: 38 | X69: 34 | Y69: 19 | Z69: 53 | AA69: 51 | AB69: 47 | AC69: 41 | AD69: 40 | AE69: 36
B70: Healthy | C70: HP-40 | E70: 34 | F70: 36 | G70: 33 | H70: 31 | I70: 30 | J70: 44 | K70: 37 | L70: 36 | M70: 33 | N70: 36 | O70: 35 | P70: =IFERROR(STDEVA(D70:H70),#N/A) -> 2.081666 | Q70: =MEDIAN(D70:H70) -> 33.5 | R70: =MAX(J70:O70) -> 44 | S70: =100*(R70-Q70)/Q70 -> 31.343284 | T70: 31 | U70: 27 | V70: 27 | W70: 27 | X70: 26 | Y70: 34 | Z70: 36 | AA70: 41 | AB70: 35 | AC70: 34 | AD70: 35 | AE70: 34 | AI70: 33 | AJ70: 34 | AK70: 40 | AL70: 38 | AM70: 44 | AN70: 33 | AO70: 54 | AP70: 42 | AQ70: 39 | AR70: 37 | AS70: 35 | AT70: 34 | AX70: 32 | AY70: 36 | AZ70: 34 | BA70: 33 | BB70: 33 | BC70: 32 | BD70: 52 | BE70: 42 | BF70: 39 | BG70: 39 | BH70: 39 | BI70: 38
B71: Healthy | P71: Mean of median | Q71: =AVERAGE(Q61:Q70) -> 33.35 | R71: =AVERAGE(R61:R70) -> 50.9 | S71: =AVERAGE(S61:S70) -> 55.124614
P72: SD | Q72: =STDEVA(Q61:Q70) -> 6.5661167 | R72: =STDEVA(R61:R70) -> 9.4803891 | S72: =STDEVA(S61:S70) -> 29.372815
P73: COV | Q73: =Q72/Q71 -> 0.19688506 | R73: =R72/R71 -> 0.18625519 | S73: =S72/S71 -> 0.53284392
O74: Number of scans per subject | P74: 5 | Q74: <-insert correct numbers before the analysis | AE74: Number of scans per subject | AF74: 5 | AG74: <-insert correct numbers before the analysis | AT74: Number of scans per subject | AU74: 5 | AV74: <-insert correct numbers before the analysis | BI74: Number of scans per subject | BJ74: 5 | BK74: <-insert correct numbers before the analysis
O75: Number of subjects | P75: 10 | Q75: <-insert correct numbers before the analysis | AE75: Number of subjects | AF75: 10 | AG75: <-insert correct numbers before the analysis | AT75: Number of subjects | AU75: 10 | AV75: <-insert correct numbers before the analysis | BI75: Number of subjects | BJ75: 10 | BK75: <-insert correct numbers before the analysis
O76: Within SD | P76: =SQRT(AVERAGE(P61:P70)) -> 2.0509091 | AE76: Within SD | AF76: =SQRT(AVERAGE(AF61:AF72)) -> #DIV/0! | AT76: Within SD | AU76: =SQRT(AVERAGE(AU61:AU72)) -> #DIV/0! | BI76: Within SD | BJ76: =SQRT(AVERAGE(BJ61:BJ72)) -> #DIV/0!
O77: CR | P77: =2.77*P76 -> 5.6810181 | AE77: CR | AF77: =2.77*AF76 -> #DIV/0! | AT77: CR | AU77: =2.77*AU76 -> #DIV/0! | BI77: CR | BJ77: =2.77*BJ76 -> #DIV/0!
O78: CI_A | P78: =P77-(1.96*(P76/(SQRT(2*P75*(P74-1))))) -> 5.2315928 | AE78: CI_A | AF78: =AF77-(1.96*(AF76/(SQRT(2*AF75*(AF74-1))))) -> #DIV/0! | AT78: CI_A | AU78: =AU77-(1.96*(AU76/(SQRT(2*AU75*(AU74-1))))) -> #DIV/0! | BI78: CI_A | BJ78: =BJ77-(1.96*(BJ76/(SQRT(2*BJ75*(BJ74-1))))) -> #DIV/0!
O79: CI_B | P79: =P77+(1.96*(P76/(SQRT(2*P75*(P74-1))))) -> 6.1304434 | AE79: CI_B | AF79: =AF77+(1.96*(AF76/(SQRT(2*AF75*(AF74-1))))) -> #DIV/0! | AT79: CI_B | AU79: =AU77+(1.96*(AU76/(SQRT(2*AU75*(AU74-1))))) -> #DIV/0! | BI79: CI_B | BJ79: =BJ77+(1.96*(BJ76/(SQRT(2*BJ75*(BJ74-1))))) -> #DIV/0!
A81: 60-74 | B81: Healthy | C81: HP-17 | D81: 37 | E81: 43 | F81: 50 | G81: 49 | H81: 52 | I81: 18 | J81: 56 | K81: 57 | L81: 51 | M81: 44 | P81: =IFERROR(STDEVA(D81:H81),#N/A) -> 6.1400326 | Q81: =MEDIAN(D81:H81) -> 49 | R81: =MAX(J81:O81) -> 57 | S81: =100*(R81-Q81)/Q81 -> 16.326531
B82: Healthy | C82: HP-27 | D82: 26 | E82: 24 | F82: 30 | G82: 32 | H82: 31 | I82: 26 | J82: 28 | K82: 29 | L82: 28 | M82: 29 | N82: 29 | O82: 29 | P82: =IFERROR(STDEVA(D82:H82),#N/A) -> 3.4351128 | Q82: =MEDIAN(D82:H82) -> 30 | R82: =MAX(J82:O82) -> 29 | S82: =100*(R82-Q82)/Q82 -> -3.3333333
B83: Healthy | C83: HP-34 | D83: 23 | E83: 21 | F83: 24 | G83: 25 | H83: 21 | I83: 24 | J83: 42 | K83: 36 | L83: 30 | M83: 32 | N83: 31 | O83: 32 | P83: =IFERROR(STDEVA(D83:H83),#N/A) -> 1.7888544 | Q83: =MEDIAN(D83:H83) -> 23 | R83: =MAX(J83:O83) -> 42 | S83: =100*(R83-Q83)/Q83 -> 82.608696 | T83: 23 | U83: 22 | V83: 25 | W83: 22 | X83: 26 | Y83: 20 | Z83: 22 | AA83: 40 | AB83: 27 | AC83: 29 | AD83: 25 | AE83: 28 | AI83: 35 | AJ83: 33 | AK83: 32 | AL83: 34 | AM83: 34 | AN83: 23 | AO83: 46 | AP83: 42 | AQ83: 40 | AR83: 36 | AS83: 34 | AT83: 35 | AX83: 30 | AY83: 25 | AZ83: 34 | BA83: 28 | BB83: 27 | BC83: 28 | BD83: 38 | BE83: 45 | BF83: 36 | BG83: 38 | BH83: 38 | BI83: 40
B84: Healthy | C84: HP-46 | D84: 27 | E84: 37 | F84: 34 | G84: 34 | H84: 36 | I84: 35 | J84: 67 | K84: 61 | L84: 58 | M84: 53 | N84: 50 | O84: 48 | P84: =IFERROR(STDEVA(D84:H84),#N/A) -> 3.9115214 | Q84: =MEDIAN(D84:H84) -> 34 | R84: =MAX(J84:O84) -> 67 | S84: =100*(R84-Q84)/Q84 -> 97.058824
B85: Healthy | C85: HP-53 | D85: 28 | E85: 43 | F85: 47 | G85: 47 | H85: 45 | I85: 30 | J85: 62 | K85: 59 | L85: 56 | M85: 50 | N85: 51 | O85: 53 | P85: =IFERROR(STDEVA(D85:H85),#N/A) -> 8 | Q85: =MEDIAN(D85:H85) -> 45 | R85: =MAX(J85:O85) -> 62 | S85: =100*(R85-Q85)/Q85 -> 37.777778
B86: Healthy | C86: HP-54 | D86: 32 | E86: 35 | F86: 37 | G86: 37 | H86: 37 | I86: 26 | J86: 47 | K86: 53 | L86: 39 | M86: 40 | N86: 35 | O86: 44 | P86: =IFERROR(STDEVA(D86:H86),#N/A) -> 2.1908902 | Q86: =MEDIAN(D86:H86) -> 37 | R86: =MAX(J86:O86) -> 53 | S86: =100*(R86-Q86)/Q86 -> 43.243243
B87: Healthy | C87: HP-55 | D87: 24 | E87: 36 | F87: 35 | G87: 37 | H87: 33 | I87: 32 | J87: 32 | K87: 59 | L87: 60 | M87: 49 | N87: 40 | O87: 39 | P87: =IFERROR(STDEVA(D87:H87),#N/A) -> 5.2440442 | Q87: =MEDIAN(D87:H87) -> 35 | R87: =MAX(J87:O87) -> 60 | S87: =100*(R87-Q87)/Q87 -> 71.428571
B88: Healthy | C88: HP-57 | D88: 43 | E88: 47 | F88: 47 | G88: 47 | H88: 47 | I88: 38 | J88: 64 | K88: 62 | L88: 59 | M88: 54 | N88: 52 | O88: 49 | P88: =IFERROR(STDEVA(D88:H88),#N/A) -> 1.7888544 | Q88: =MEDIAN(D88:H88) -> 47 | R88: =MAX(J88:O88) -> 64 | S88: =100*(R88-Q88)/Q88 -> 36.170213
B89: Healthy | C89: HP-23 | D89: 16 | E89: 20 | F89: 21 | G89: 19 | H89: 17 | I89: 28 | J89: 33 | K89: 35 | L89: 34 | M89: 35 | N89: 33 | O89: 35 | P89: =IFERROR(STDEVA(D89:H89),#N/A) -> 2.0736441 | Q89: =MEDIAN(D89:H89) -> 19 | R89: =MAX(J89:O89) -> 35 | S89: =100*(R89-Q89)/Q89 -> 84.210526
B90: Healthy | C90: HP-47 | D90: 63 | E90: 66 | F90: 65 | G90: 64 | H90: 63 | I90: 41 | J90: 46 | K90: 65 | L90: 62 | M90: 57 | N90: 55 | O90: 52 | P90: =IFERROR(STDEVA(D90:H90),#N/A) -> 1.3038405 | Q90: =MEDIAN(D90:H90) -> 64 | R90: =MAX(J90:O90) -> 65 | S90: =100*(R90-Q90)/Q90 -> 1.5625
B91: Healthy | C91: HP-51 | D91: 30 | E91: 29 | F91: 31 | G91: 36 | H91: 33 | I91: 30 | J91: 50 | K91: 42 | L91: 38 | M91: 38 | N91: 39 | O91: 39 | P91: =IFERROR(STDEVA(D91:H91),#N/A) -> 2.7748874 | Q91: =MEDIAN(D91:H91) -> 31 | R91: =MAX(J91:O91) -> 50 | S91: =100*(R91-Q91)/Q91 -> 61.290323
B92: Healthy | C92: HP-60 | D92: 41 | E92: 41 | F92: 51 | G92: 50 | H92: 40 | I92: 30 | J92: 38 | K92: 68 | L92: 63 | M92: 52 | N92: 50 | O92: 50 | P92: =IFERROR(STDEVA(D92:H92),#N/A) -> 5.4129474 | Q92: =MEDIAN(D92:H92) -> 41 | R92: =MAX(J92:O92) -> 68 | S92: =100*(R92-Q92)/Q92 -> 65.853659 | T92: 45 | U92: 36 | V92: 31 | W92: 56 | X92: 53 | Y92: 50 | Z92: 37 | AA92: 54 | AB92: 55 | AC92: 57 | AD92: 54 | AE92: 50 | AI92: 42 | AJ92: 47 | AK92: 55 | AL92: 55 | AM92: 52 | AN92: 34 | AO92: 67 | AP92: 58 | AQ92: 56 | AR92: 58 | AS92: 53 | AT92: 55 | AX92: 38 | AY92: 45 | AZ92: 50 | BA92: 45 | BB92: 47 | BC92: 37 | BD92: 61 | BE92: 52 | BF92: 48 | BG92: 47 | BH92: 45 | BI92: 40
B93: Healthy | C93: HP-48 | D93: 30 | E93: 38 | F93: 45 | G93: 46 | H93: 39 | I93: 32 | J93: 65 | K93: 67 | L93: 66 | M93: 63 | N93: 58 | O93: 54 | P93: =IFERROR(STDEVA(D93:H93),#N/A) -> 6.4265076 | Q93: =MEDIAN(D93:H93) -> 39 | R93: =MAX(J93:O93) -> 67 | S93: =100*(R93-Q93)/Q93 -> 71.794872 | T93: 33 | U93: 39 | V93: 40 | W93: 42 | X93: 43 | Y93: 23 | Z93: 65 | AA93: 41 | AB93: 41 | AC93: 35 | AD93: 34 | AE93: 40 | AG93: <-insert correct numbers before the analysis | AT93: Number of scans per subject | AU93: 5 | AV93: <-insert correct numbers before the analysis | BI93: Number of scans per subject | BJ93: 5 | BK93: <-insert correct numbers before the analysis
P94: Mean of median | Q94: =AVERAGE(Q81:Q93) -> 38 | R94: =AVERAGE(R81:R93) -> 55.307692 | S94: =AVERAGE(S81:S93) -> 51.230185
P95: SD | Q95: =STDEVA(Q81:Q93) -> 11.768602 | R95: =STDEVA(R81:R93) -> 12.873646 | S95: =STDEVA(S81:S93) -> 32.213344
P96: COV | Q96: =Q95/Q94 -> 0.30970006 | R96: =R95/R94 -> 0.23276412 | S96: =S95/S94 -> 0.62879617
O97: Number of scans per subject | P97: 5 | Q97: <-insert correct numbers before the analysis | AE97: Number of scans per subject | AF97: 5 | AG97: <-insert correct numbers before the analysis | AT97: Number of subjects | AU97: 10 | AV97: <-insert correct numbers before the analysis | BI97: Number of subjects | BJ97: 10 | BK97: <-insert correct numbers before the analysis
O98: Number of subjects | P98: 13 | Q98: <-insert correct numbers before the analysis | AE98: Number of subjects | AF98: 10 | AT98: Within SD | AU98: =SQRT(AVERAGE(AU81:AU92)) -> #DIV/0! | BI98: Within SD | BJ98: =SQRT(AVERAGE(BJ81:BJ92)) -> #DIV/0!
O99: Within SD | P99: =SQRT(AVERAGE(P81:P93)) -> 1.9707698 | AE99: Within SD | AF99: =SQRT(AVERAGE(AF81:AF92)) -> #DIV/0! | AT99: CR | AU99: =2.77*AU98 -> #DIV/0! | BI99: CR | BJ99: =2.77*BJ98 -> #DIV/0!
O100: CR | P100: =2.77*P99 -> 5.4590324 | AE100: CR | AF100: =2.77*AF99 -> #DIV/0! | AT100: CI_A | AU100: =AU99-(1.96*(AU98/(SQRT(2*AU97*(AU93-1))))) -> #DIV/0! | BI100: CI_A | BJ100: =BJ99-(1.96*(BJ98/(SQRT(2*BJ97*(BJ93-1))))) -> #DIV/0!
O101: CI_A | P101: =P100-(1.96*(P99/(SQRT(2*P98*(P97-1))))) -> 5.0802626 | AE101: CI_A | AF101: =AF100-(1.96*(AF99/(SQRT(2*AF98*(AF97-1))))) -> #DIV/0! | AT101: CI_B | AU101: =AU99+(1.96*(AU98/(SQRT(2*AU97*(AU93-1))))) -> #DIV/0! | BI101: CI_B | BJ101: =BJ99+(1.96*(BJ98/(SQRT(2*BJ97*(BJ93-1))))) -> #DIV/0!
O102: CI_B | P102: =P100+(1.96*(P99/(SQRT(2*P98*(P97-1))))) -> 5.8378021 | AE102: CI_B | AF102: =AF100+(1.96*(AF99/(SQRT(2*AF98*(AF97-1))))) -> #DIV/0! | AT102: CI_B | AU102: =AU100+(1.96*(AU99/(SQRT(2*AU98*(AU97-1))))) -> #DIV/0! | BI102: CI_B | BJ102: =BJ100+(1.96*(BJ99/(SQRT(2*BJ98*(BJ97-1))))) -> #DIV/0!
A104: 40-69
B106: Diabetic | C106: DP-04 | D106: 26 | E106: 26 | F106: 25 | G106: 26 | H106: 23 | I106: 36 | J106: 35 | K106: 34 | L106: 36 | M106: 41 | N106: 40 | O106: 36 | P106: =IFERROR(STDEVA(D106:H106),#N/A) -> 1.3038405 | Q106: =MEDIAN(D106:H106) -> 26 | R106: =MAX(J106:O106) -> 41 | S106: =100*(R106-Q106)/Q106 -> 57.692308 | T106: 29 | U106: 33 | V106: 32 | W106: 31 | X106: 31 | Y106: 26 | Z106: 44 | AA106: 41 | AB106: 40 | AC106: 35 | AD106: 32 | AE106: 30 | AI106: 16 | AJ106: 18 | AK106: 25 | AL106: 30 | AM106: 20 | AN106: 24 | AO106: 27 | AP106: 26 | AQ106: 28 | AR106: 22 | AS106: 25 | AT106: 24 | AX106: 28 | AY106: 26 | AZ106: 27 | BA106: 26 | BB106: 27 | BC106: 31 | BD106: 30 | BE106: 29 | BF106: 29 | BG106: 28 | BH106: 28 | BI106: 27
...

Sheet Vessel Length Density
D1: SESSION 1 | P1: Coefficient of repeatibility analysis from the baseline scans | T1: SESSION 2 | AF1: Coefficient of repeatibility analysis from the baseline scans | AI1: SESSION 3 | AU1: Coefficient of repeatibility analysis from the baseline scans | AX1: SESSION 4 | BJ1: Coefficient of repeatibility analysis from the baseline scans
D2: Baseline | I2: Ischemia | J2: PORH | Q2: Median value of 5 measures | R2: MAX PORH | S2: Absolute diff between PORH and Median | T2: Baseline | Y2: Ischemia | Z2: PORH | AI2: Baseline | AN2: Ischemia | AO2: PORH | AX2: Baseline | BC2: Ischemia | BD2: PORH
A3: Age group | B3: Health/disease | C3: Participant ID | D3: Scan 1 | E3: Scan 2 | F3: Scan 3 | G3: Scan 4 | H3: Scan 5 | I3: Scan 6 | J3: Scan 7 | K3: Scan 8 | L3: Scan 9 | M3: Scan 10 | N3: Scan 11 | O3: Scan 12 | P3: Variance of (SD) | T3: ` | U3: Scan 2 | V3: Scan 3 | W3: Scan 4 | X3: Scan 5 | Y3: Scan 6 | Z3: Scan 7 | AA3: Scan 8 | AB3: Scan 9 | AC3: Scan 10 | AD3: Scan 11 | AE3: Scan 12 | AF3: Variance of (SD) | AI3: Scan 1 | AJ3: Scan 2 | AK3: Scan 3 | AL3: Scan 4 | AM3: Scan 5 | AN3: Scan 6 | AO3: Scan 7 | AP3: Scan 8 | AQ3: Scan 9 | AR3: Scan 10 | AS3: Scan 11 | AT3: Scan 12 | AU3: Variance of (SD) | AX3: Scan 1 | AY3: Scan 2 | AZ3: Scan 3 | BA3: Scan 4 | BB3: Scan 5 | BC3: Scan 6 | BD3: Scan 7 | BE3: Scan 8 | BF3: Scan 9 | BG3: Scan 10 | BH3: Scan 11 | BI3: Scan 12 | BJ3: Variance of (SD)
B4: Healthy | C4: HP-03 | D4: 1.3 | E4: 1.67 | F4: 1.35 | G4: 1.58 | H4: 1.49 | I4: 0.61 | J4: 2.33 | K4: 1.93 | L4: 2.13 | M4: 2.07 | P4: =IFERROR(STDEVA(D4:H4),#N/A) -> 0.15449919 | Q4: =MEDIAN(D4:H4) -> 1.49 | R4: =MAX(J4:O4) -> 2.33 | S4: =100*(R4-Q4)/Q4 -> 56.375839 | AF4: =IFERROR(STDEVA(T4:X4),#N/A) -> #N/A | AU4: =IFERROR(STDEVA(AI4:AM4),#N/A) -> #N/A | BJ4: =IFERROR(STDEVA(AX4:BB4),#N/A) -> #N/A
B5: Healthy | C5: HP-05 | D5: 2.46 | E5: 2.29 | F5: 2.55 | G5: 2.74 | H5: 2.82 | I5: 1.17 | J5: 3.13 | K5: 3.1 | L5: 3.23 | M5: 3.33 | P5: =IFERROR(STDEVA(D5:H5),#N/A) -> 0.21347131 | Q5: =MEDIAN(D5:H5) -> 2.55 | R5: =MAX(J5:O5) -> 3.33 | S5: =100*(R5-Q5)/Q5 -> 30.588235 | AF5: =IFERROR(STDEVA(T5:X5),#N/A) -> #N/A | AU5: =IFERROR(STDEVA(AI5:AM5),#N/A) -> #N/A | BJ5: =IFERROR(STDEVA(AX5:BB5),#N/A) -> #N/A
B6: Healthy | C6: HP-06 | D6: 2.54 | E6: 2.59 | F6: 2.35 | G6: 2.59 | H6: 2.71 | I6: 1.48 | J6: 3.45 | K6: 3.37 | L6: 3.34 | M6: 3.15 | P6: =IFERROR(STDEVA(D6:H6),#N/A) -> 0.1310725 | Q6: =MEDIAN(D6:H6) -> 2.59 | R6: =MAX(J6:O6) -> 3.45 | S6: =100*(R6-Q6)/Q6 -> 33.204633 | AF6: =IFERROR(STDEVA(T6:X6),#N/A) -> #N/A | AU6: =IFERROR(STDEVA(AI6:AM6),#N/A) -> #N/A | BJ6: =IFERROR(STDEVA(AX6:BB6),#N/A) -> #N/A
B7: Healthy | C7: HP-07 | D7: 2.03 | E7: 2.23 | F7: 2.34 | G7: 2.23 | H7: 2.49 | I7: 0.86 | J7: 3 | K7: 3.05 | L7: 2.63 | M7: 2.64 | P7: =IFERROR(STDEVA(D7:H7),#N/A) -> 0.16876018 | Q7: =MEDIAN(D7:H7) -> 2.23 | R7: =MAX(J7:O7) -> 3.05 | S7: =100*(R7-Q7)/Q7 -> 36.7713 | AF7: =IFERROR(STDEVA(T7:X7),#N/A) -> #N/A | AU7: =IFERROR(STDEVA(AI7:AM7),#N/A) -> #N/A | BJ7: =IFERROR(STDEVA(AX7:BB7),#N/A) -> #N/A
B8: Healthy | C8: HP-09 | D8: 1.49 | E8: 2.05 | F8: 2.38 | G8: 2.42 | H8: 1.99 | I8: 1 | J8: 3.36 | K8: 3.28 | L8: 3.11 | M8: 2.97 | P8: =IFERROR(STDEVA(D8:H8),#N/A) -> 0.37473991 | Q8: =MEDIAN(D8:H8) -> 2.05 | R8: =MAX(J8:O8) -> 3.36 | S8: =100*(R8-Q8)/Q8 -> 63.902439 | AF8: =IFERROR(STDEVA(T8:X8),#N/A) -> #N/A | AU8: =IFERROR(STDEVA(AI8:AM8),#N/A) -> #N/A | BJ8: =IFERROR(STDEVA(AX8:BB8),#N/A) -> #N/A
B9: Healthy | C9: HP-10 | D9: 1.86 | E9: 1.88 | F9: 1.83 | G9: 1.91 | H9: 1.56 | I9: 2.03 | J9: 2.91 | K9: 2.38 | L9: 1.99 | M9: 2.31 | P9: =IFERROR(STDEVA(D9:H9),#N/A) -> 0.14166863 | Q9: =MEDIAN(D9:H9) -> 1.86 | R9: =MAX(J9:O9) -> 2.91 | S9: =100*(R9-Q9)/Q9 -> 56.451613 | AF9: =IFERROR(STDEVA(T9:X9),#N/A) -> #N/A | AU9: =IFERROR(STDEVA(AI9:AM9),#N/A) -> #N/A | BJ9: =IFERROR(STDEVA(AX9:BB9),#N/A) -> #N/A
B10: Healthy | C10: HP-11 | D10: 1.5 | E10: 2.18 | F10: 1.35 | G10: 1.53 | H10: 1.46 | I10: 1.58 | J10: 2.83 | K10: 3.05 | L10: 2.74 | M10: 2.27 | P10: =IFERROR(STDEVA(D10:H10),#N/A) -> 0.32913523 | Q10: =MEDIAN(D10:H10) -> 1.5 | R10: =MAX(J10:O10) -> 3.05 | S10: =100*(R10-Q10)/Q10 -> 103.33333 | AF10: =IFERROR(STDEVA(T10:X10),#N/A) -> #N/A | AU10: =IFERROR(STDEVA(AI10:AM10),#N/A) -> #N/A | BJ10: =IFERROR(STDEVA(AX10:BB10),#N/A) -> #N/A
B11: Healthy | C11: HP-18 | D11: 1.48 | E11: 1.62 | F11: 3.06 | G11: 3.06 | H11: 2.89 | I11: 0.89 | J11: 3.35 | K11: 3.18 | L11: 3.26 | M11: 3.22 | P11: =IFERROR(STDEVA(D11:H11),#N/A) -> 0.80057479 | Q11: =MEDIAN(D11:H11) -> 2.89 | R11: =MAX(J11:O11) -> 3.35 | S11: =100*(R11-Q11)/Q11 -> 15.916955 | AF11: =IFERROR(STDEVA(T11:X11),#N/A) -> #N/A | AU11: =IFERROR(STDEVA(AI11:AM11),#N/A) -> #N/A | BJ11: =IFERROR(STDEVA(AX11:BB11),#N/A) -> #N/A
B12: Healthy | C12: HP-24 | D12: 1.7 | E12: 2.07 | F12: 2.14 | G12: 2.18 | H12: 1.94 | I12: 1.37 | J12: 2.37 | K12: 2.19 | L12: 2.06 | M12: 2.39 | N12: 2.04 | O12: 1.74 | P12: =IFERROR(STDEVA(D12:H12),#N/A) -> 0.19385562 | Q12: =MEDIAN(D12:H12) -> 2.07 | R12: =MAX(J12:O12) -> 2.39 | S12: =100*(R12-Q12)/Q12 -> 15.458937 | AF12: =IFERROR(STDEVA(T12:X12),#N/A) -> #N/A | AU12: =IFERROR(STDEVA(AI12:AM12),#N/A) -> #N/A | BJ12: =IFERROR(STDEVA(AX12:BB12),#N/A) -> #N/A
P13: Mean of median | Q13: =AVERAGE(Q4:Q12) -> 2.1366667 | R13: =AVERAGE(R4:R12) -> 3.0244444 | S13: =AVERAGE(S4:S12) -> 45.778143 | AF13: =IFERROR(STDEVA(T13:X13),#N/A) -> #N/A | AU13: =IFERROR(STDEVA(AI13:AM13),#N/A) -> #N/A | BJ13: =IFERROR(STDEVA(AX13:BB13),#N/A) -> #N/A
P14: SD | Q14: =STDEVA(Q4:Q12) -> 0.48277842 | R14: =STDEVA(R4:R12) -> 0.41716637 | S14: =STDEVA(S4:S12) -> 27.722325 | AF14: =IFERROR(STDEVA(T14:X14),#N/A) -> #N/A | AU14: =IFERROR(STDEVA(AI14:AM14),#N/A) -> #N/A | BJ14: =IFERROR(STDEVA(AX14:BB14),#N/A) -> #N/A
P15: COV | Q15: =Q14/Q13 -> 0.22594934 | R15: =R14/R13 -> 0.13793157 | S15: =S14/S13 -> 0.60557995 | AF15: =IFERROR(STDEVA(T15:X15),#N/A) -> #N/A | AU15: =IFERROR(STDEVA(AI15:AM15),#N/A) -> #N/A | BJ15: =IFERROR(STDEVA(AX15:BB15),#N/A) -> #N/A
O16: Number of scans per subject | P16: 5 | Q16: <-insert correct numbers before the analysis | AE16: Number of scans per subject | AF16: 5 | AG16: <-insert correct numbers before the analysis | AT16: Number of scans per subject | AU16: 5 | AV16: <-insert correct numbers before the analysis | BI16: Number of scans per subject | BJ16: 5 | BK16: <-insert correct numbers before the analysis
O17: Number of subjects | P17: 9 | Q17: <-insert correct numbers before the analysis | AE17: Number of subjects | AF17: 10 | AG17: <-insert correct numbers before the analysis | AT17: Number of subjects | AU17: 10 | AV17: <-insert correct numbers before the analysis | BI17: Number of subjects | BJ17: 10 | BK17: <-insert correct numbers before the analysis
O18: Within SD | P18: =SQRT(AVERAGE(P4:P12)) -> 0.52786545 | AE18: Within SD | AF18: =SQRT(AVERAGE(AF4:AF15)) -> #N/A | AT18: Within SD | AU18: =SQRT(AVERAGE(AU4:AU15)) -> #N/A | BI18: Within SD | BJ18: =SQRT(AVERAGE(BJ4:BJ15)) -> #N/A
O19: CR | P19: =2.77*P18 -> 1.4621873 | AE19: CR | AF19: =2.77*AF18 -> #N/A | AT19: CR | AU19: =2.77*AU18 -> #N/A | BI19: CR | BJ19: =2.77*BJ18 -> #N/A
O20: CI_A | P20: =P19-(1.96*(P18/(SQRT(2*P17*(P16-1))))) -> 1.3402566 | AE20: CI_A | AF20: =AF19-(1.96*(AF18/(SQRT(2*AF17*(AF16-1))))) -> #N/A | AT20: CI_A | AU20: =AU19-(1.96*(AU18/(SQRT(2*AU17*(AU16-1))))) -> #N/A | BI20: CI_A | BJ20: =BJ19-(1.96*(BJ18/(SQRT(2*BJ17*(BJ16-1))))) -> #N/A
O21: CI_B | P21: =P19+(1.96*(P18/(SQRT(2*P17*(P16-1))))) -> 1.584118 | AE21: CI_B | AF21: =AF19+(1.96*(AF18/(SQRT(2*AF17*(AF16-1))))) -> #N/A | AT21: CI_B | AU21: =AU19+(1.96*(AU18/(SQRT(2*AU17*(AU16-1))))) -> #N/A | BI21: CI_B | BJ21: =BJ19+(1.96*(BJ18/(SQRT(2*BJ17*(BJ16-1))))) -> #N/A
A23: 30-39 | B23: Healthy | C23: HP-04 | D23: 2.06 | E23: 1.86 | F23: 2.16 | G23: 2.38 | H23: 2.63 | I23: 0.61 | J23: 3.02 | K23: 2.61 | L23: 2.64 | M23: 2.7 | P23: =IFERROR(STDEVA(D23:H23),#N/A) -> 0.29685013 | Q23: =MEDIAN(D23:H23) -> 2.16 | R23: =MAX(J23:O23) -> 3.02 | S23: =100*(R23-Q23)/Q23 -> 39.814815
B24: Healthy | C24: HP-08 | D24: 1.65 | E24: 2.59 | F24: 2.5 | G24: 2.4 | H24: 2.16 | I24: 0.92 | J24: 3.28 | K24: 3.27 | L24: 3.18 | M24: 3.17 | P24: =IFERROR(STDEVA(D24:H24),#N/A) -> 0.37689521 | Q24: =MEDIAN(D24:H24) -> 2.4 | R24: =MAX(J24:O24) -> 3.28 | S24: =100*(R24-Q24)/Q24 -> 36.666667
B25: Healthy | C25: HP-19 | D25: 0.71 | E25: 1.28 | F25: 0.81 | G25: 1.34 | H25: 1.82 | I25: 0.69 | J25: 2.6 | K25: 2.64 | L25: 3.04 | M25: 2.09 | P25: =IFERROR(STDEVA(D25:H25),#N/A) -> 0.44785042 | Q25: =MEDIAN(D25:H25) -> 1.28 | R25: =MAX(J25:O25) -> 3.04 | S25: =100*(R25-Q25)/Q25 -> 137.5
B26: Healthy | C26: HP-21 | D26: 2.03 | E26: 2.28 | F26: 2.61 | G26: 2.37 | H26: 2.5 | I26: 0.78 | J26: 2.81 | K26: 2.46 | L26: 2.47 | M26: 2.41 | N26: 2.51 | O26: 2.48 | P26: =IFERROR(STDEVA(D26:H26),#N/A) -> 0.22219361 | Q26: =MEDIAN(D26:H26) -> 2.37 | R26: =MAX(J26:O26) -> 2.81 | S26: =100*(R26-Q26)/Q26 -> 18.565401 | T26: 2.03 | U26: 2.06 | V26: 1.87 | W26: 1.81 | X26: 2.32 | Y26: 1.1 | Z26: 2.6 | AA26: 2.63 | AB26: 2.62 | AC26: 2.47 | AD26: 2.59 | AE26: 2.61 | AI26: 2.35 | AJ26: 2.66 | AK26: 2.52 | AL26: 2.24 | AM26: 2.29 | AN26: 1.46 | AO26: 2.35 | AP26: 2.52 | AQ26: 2.66 | AR26: 2.42 | AS26: 2.67 | AT26: 2.59 | AX26: 2.46 | AY26: 2.36 | AZ26: 2.41 | BA26: 2.51 | BB26: 2.6 | BC26: 0.94 | BD26: 2.67 | BE26: 2.58 | BF26: 2.65 | BG26: 2.68 | BH26: 2.71 | BI26: 2.68
B27: Healthy | C27: HP-22 | D27: 2.46 | E27: 1.28 | F27: 2.75 | G27: 2.8 | H27: 2.73 | I27: 1.33 | J27: 2.13 | K27: 1.84 | L27: 1.9 | M27: 1.76 | N27: 2.29 | O27: 2.06 | P27: =IFERROR(STDEVA(D27:H27),#N/A) -> 0.64212927 | Q27: =MEDIAN(D27:H27) -> 2.73 | R27: =MAX(J27:O27) -> 2.29 | S27: =100*(R27-Q27)/Q27 -> -16.117216
B28: Healthy | C28: HP-30 | D28: 0.93 | E28: 1.49 | F28: 1.68 | G28: 1.73 | H28: 1.38 | I28: 1.5 | J28: 1.28 | K28: 2.07 | L28: 2.28 | M28: 2.21 | N28: 2.24 | O28: 2.02 | P28: =IFERROR(STDEVA(D28:H28),#N/A) -> 0.31932742 | Q28: =MEDIAN(D28:H28) -> 1.49 | R28: =MAX(J28:O28) -> 2.28 | S28: =100*(R28-Q28)/Q28 -> 53.020134
B29: Healthy | C29: HP-38 | D29: 2.12 | E29: 1.52 | F29: 1.27 | G29: 1.48 | H29: 1.32 | I29: 1.36 | J29: 2.2 | K29: 1.66 | L29: 1.16 | M29: 1.49 | N29: 1.63 | O29: 1.26 | P29: =IFERROR(STDEVA(D29:H29),#N/A) -> 0.33973519 | Q29: =MEDIAN(D29:H29) -> 1.48 | R29: =MAX(J29:O29) -> 2.2 | S29: =100*(R29-Q29)/Q29 -> 48.648649
P30: Mean of median | Q30: =AVERAGE(Q23:Q29) -> 1.9871429 | R30: =AVERAGE(R21:R29) -> 2.7028571 | S30: =AVERAGE(S23:S29) -> 45.442636
P31: SD | Q31: =STDEVA(Q19:Q29) -> 0.56319666 | R31: =STDEVA(R21:R29) -> 0.43987552 | S31: =STDEVA(S23:S29) -> 46.838279
P32: COV | Q32: =Q31/Q30 -> 0.28342032 | R32: =R31/R30 -> 0.16274464 | S32: =S31/S30 -> 1.0307122
O33: Number of scans per subject | P33: 5 | Q33: <-insert correct numbers before the analysis | AE33: Number of scans per subject | AF33: 5 | AG33: <-insert correct numbers before the analysis | AT33: Number of scans per subject | AU33: 5 | AV33: <-insert correct numbers before the analysis | BI33: Number of scans per subject | BJ33: 5 | BK33: <-insert correct numbers before the analysis
O34: Number of subjects | P34: 7 | Q34: <-insert correct numbers before the analysis | AE34: Number of subjects | AF34: 10 | AG34: <-insert correct numbers before the analysis | AT34: Number of subjects | AU34: 10 | AV34: <-insert correct numbers before the analysis | BI34: Number of subjects | BJ34: 10 | BK34: <-insert correct numbers before the analysis
O35: Within SD | P35: =SQRT(AVERAGE(P23:P32)) -> 0.61469868 | AE35: Within SD | AF35: =SQRT(AVERAGE(AF23:AF32)) -> #DIV/0! | AT35: Within SD | AU35: =SQRT(AVERAGE(AU23:AU32)) -> #DIV/0! | BI35: Within SD | BJ35: =SQRT(AVERAGE(BJ23:BJ32)) -> #DIV/0!
O36: CR | P36: =2.77*P35 -> 1.7027153 | AE36: CR | AF36: =2.77*AF35 -> #DIV/0! | AT36: CR | AU36: =2.77*AU35 -> #DIV/0! | BI36: CR | BJ36: =2.77*BJ35 -> #DIV/0!
O37: CI_A | P37: =P36-(1.96*(P35/(SQRT(2*P34*(P33-1))))) -> 1.5417159 | AE37: CI_A | AF37: =AF36-(1.96*(AF35/(SQRT(2*AF34*(AF33-1))))) -> #DIV/0! | AT37: CI_A | AU37: =AU36-(1.96*(AU35/(SQRT(2*AU34*(AU33-1))))) -> #DIV/0! | BI37: CI_A | BJ37: =BJ36-(1.96*(BJ35/(SQRT(2*BJ34*(BJ33-1))))) -> #DIV/0!
O38: CI_B | P38: =P36+(1.96*(P35/(SQRT(2*P34*(P33-1))))) -> 1.8637148 | AE38: CI_B | AF38: =AF36+(1.96*(AF35/(SQRT(2*AF34*(AF33-1))))) -> #DIV/0! | AT38: CI_B | AU38: =AU36+(1.96*(AU35/(SQRT(2*AU34*(AU33-1))))) -> #DIV/0! | BI38: CI_B | BJ38: =BJ36+(1.96*(BJ35/(SQRT(2*BJ34*(BJ33-1))))) -> #DIV/0!
A40: 40-49 | B40: Healthy | C40: HP-12 | D40: 2.21 | E40: 2.55 | F40: 2.48 | G40: 2.73 | H40: 2.51 | I40: 1.02 | J40: 3.04 | K40: 2.82 | L40: 2.94 | M40: 2.78 | P40: =IFERROR(STDEVA(D40:H40),#N/A) -> 0.18702941 | Q40: =MEDIAN(D40:H40) -> 2.51 | R40: =MAX(J40:O40) -> 3.04 | S40: =100*(R40-Q40)/Q40 -> 21.115538
B41: Healthy | C41: HP-15 | D41: 1.47 | E41: 1.13 | F41: 0.94 | G41: 0.9 | H41: 1.18 | I41: 0.86 | J41: 3.29 | K41: 3.02 | L41: 2.4 | M41: 2 | P41: =IFERROR(STDEVA(D41:H41),#N/A) -> 0.2274423 | Q41: =MEDIAN(D41:H41) -> 1.13 | R41: =MAX(J41:O41) -> 3.29 | S41: =100*(R41-Q41)/Q41 -> 191.15044
B42: Healthy | C42: HP-20 | D42: 1.54 | E42: 1.6 | F42: 1.47 | G42: 1.97 | H42: 1.91 | I42: 1.61 | J42: 2.66 | K42: 2.42 | L42: 2.27 | M42: 2.23 | N42: 1.79 | O42: 2.47 | P42: =IFERROR(STDEVA(D42:H42),#N/A) -> 0.22664951 | Q42: =MEDIAN(D42:H42) -> 1.6 | R42: =MAX(J42:O42) -> 2.66 | S42: =100*(R42-Q42)/Q42 -> 66.25 | T42: 2.17 | U42: 1.59 | V42: 1.79 | W42: 1.45 | X42: 1.73 | Y42: 1.03 | Z42: 2.63 | AA42: 2.61 | AB42: 2.47 | AC42: 2.21 | AD42: 1.96 | AE42: 2.16 | AI42: 1.59 | AJ42: 2.05 | AK42: 2.21 | AL42: 2.24 | AM42: 2.45 | AN42: 1.16 | AO42: 2.53 | AP42: 2.36 | AQ42: 2.35 | AR42: 2.26 | AS42: 2.16 | AT42: 2.13 | AX42: 1.72 | AY42: 1.81 | AZ42: 2.22 | BA42: 2.26 | BB42: 2.21 | BC42: 1.21 | BD42: 2.56 | BE42: 2.56 | BF42: 2.37 | BG42: 2.29 | BH42: 2.34 | BI42: 2.46
B43: Healthy | C43: HP-29 | D43: 1.04 | E43: 0.91 | F43: 1.36 | G43: 1.36 | I43: 1.59 | J43: 2.43 | K43: 1.98 | L43: 1.68 | M43: 1.83 | N43: 2.15 | O43: 2.08 | P43: =IFERROR(STDEVA(D43:H43),#N/A) -> 0.2285279 | Q43: =MEDIAN(D43:H43) -> 1.2 | R43: =MAX(J43:O43) -> 2.43 | S43: =100*(R43-Q43)/Q43 -> 102.5
B44: Healthy | C44: HP-32 | D44: 1.87 | E44: 1.62 | F44: 1.43 | G44: 1.68 | H44: 1.99 | I44: 1.47 | J44: 2.31 | K44: 1.82 | L44: 1.64 | M44: 1.86 | N44: 1.81 | O44: 1.99 | P44: =IFERROR(STDEVA(D44:H44),#N/A) -> 0.21856349 | Q44: =MEDIAN(D44:H44) -> 1.68 | R44: =MAX(J44:O44) -> 2.31 | S44: =100*(R44-Q44)/Q44 -> 37.5
B45: Healthy | C45: HP-35 | D45: 1.33 | E45: 1.79 | F45: 1.63 | G45: 1.64 | H45: 1.6 | I45: 1.53 | J45: 2.6 | K45: 2.44 | L45: 2.09 | M45: 2.35 | N45: 2.44 | O45: 2.35 | P45: =IFERROR(STDEVA(D45:H45),#N/A) -> 0.1669431 | Q45: =MEDIAN(D45:H45) -> 1.63 | R45: =MAX(J45:O45) -> 2.6 | S45: =100*(R45-Q45)/Q45 -> 59.509202 | T45: 1.35 | U45: 1.73 | V45: 1.47 | W45: 1.48 | X45: 1.3 | Y45: 1.08 | Z45: 2.6 | AA45: 2.57 | AB45: 2.16 | AC45: 2.03 | AD45: 1.94 | AE45: 1.99 | AI45: 2.34 | AJ45: 2.27 | AK45: 2.38 | AL45: 2.21 | AM45: 2.33 | AN45: 1.77 | AO45: 2.62 | AP45: 2.6 | AQ45: 2.6 | AR45: 2.62 | AS45: 2.5 | AT45: 2.53 | AX45: 2.25 | AY45: 2.42 | AZ45: 2.38 | BA45: 2.36 | BB45: 2.34 | BC45: 1.74 | BD45: 2.57 | BE45: 2.51 | BF45: 2.4 | BG45: 2.42 | BH45: 2.39 | BI45: 2.44
B46: Healthy | C46: HP-41 | D46: 1.49 | E46: 2.22 | F46: 2.54 | G46: 2.41 | H46: 2.64 | I46: 2.77 | J46: 1.84 | K46: 3.21 | L46: 3.03 | M46: 3.01 | N46: 3.01 | O46: 2.58 | P46: =IFERROR(STDEVA(D46:H46),#N/A) -> 0.45820301 | Q46: =MEDIAN(D46:H46) -> 2.41 | R46: =MAX(J46:O46) -> 3.21 | S46: =100*(R46-Q46)/Q46 -> 33.195021
B47: Healthy | C47: HP-44 | D47: 2.05 | E47: 2.25 | F47: 2.21 | G47: 2.53 | H47: 2.05 | I47: 1.79 | J47: 3.34 | K47: 2.16 | L47: 2.44 | M47: 1.95 | N47: 2.07 | O47: 2.17 | P47: =IFERROR(STDEVA(D47:H47),#N/A) -> 0.19677398 | Q47: =MEDIAN(D47:H47) -> 2.21 | R47: =MAX(J47:O47) -> 3.34 | S47: =100*(R47-Q47)/Q47 -> 51.131222
B48: Healthy | C48: HP-45 | D48: 2.76 | E48: 2.81 | F48: 2.88 | G48: 2.86 | H48: 2.83 | I48: 0.94 | J48: 3.26 | K48: 3.25 | L48: 3.13 | M48: 3.15 | N48: 3.08 | O48: 3.04 | P48: =IFERROR(STDEVA(D48:H48),#N/A) -> 0.046583259 | Q48: =MEDIAN(D48:H48) -> 2.83 | R48: =MAX(J48:O48) -> 3.26 | S48: =100*(R48-Q48)/Q48 -> 15.194346
B49: Healthy | C49: HP-49 | D49: 1.73 | E49: 2.08 | F49: 2.76 | G49: 2.47 | H49: 2.47 | I49: 1.29 | J49: 3.3 | K49: 2.93 | L49: 2.8 | M49: 2.72 | N49: 2.76 | O49: 2.79 | P49: =IFERROR(STDEVA(D49:H49),#N/A) -> 0.40083663 | Q49: =MEDIAN(D49:H49) -> 2.47 | R49: =MAX(J49:O49) -> 3.3 | S49: =100*(R49-Q49)/Q49 -> 33.603239
B50: Healthy | C50: HP-56 | D50: 1.97 | E50: 1.95 | F50: 2.5 | G50: 2.63 | H50: 2.6 | I50: 1.19 | J50: 3.42 | K50: 3.4 | L50: 3.14 | M50: 3.01 | N50: 2.78 | O50: 2.61 | P50: =IFERROR(STDEVA(D50:H50),#N/A) -> 0.34124771 | Q50: =MEDIAN(D50:H50) -> 2.5 | R50: =MAX(J50:O50) -> 3.42 | S50: =100*(R50-Q50)/Q50 -> 36.8 | T50: 2.62 | U50: 2.3 | V50: 2.73 | W50: 2.8 | X50: 2.9 | Y50: 1.52 | Z50: 3.33 | AA50: 3.36 | AB50: 3.17 | AC50: 3 | AD50: 2.96 | AE50: 2.86 | AI50: 2.28 | AJ50: 2.3 | AK50: 2.36 | AL50: 2.69 | AM50: 2.7 | AN50: 1.68 | AO50: 3.36 | AP50: 3.2 | AQ50: 3.16 | AR50: 2.98 | AS50: 2.98 | AT50: 2.79 | AX50: 1.88 | AY50: 2.03 | AZ50: 2.65 | BA50: 2.33 | BB50: 2.59 | BC50: 2.01 | BD50: 3.4 | BE50: 3.29 | BF50: 3.03 | BG50: 2.94 | BH50: 2.87 | BI50: 2.96
P51: Mean of median | Q51: =AVERAGE(Q40:Q50) -> 2.0154545 | R51: =AVERAGE(R42:R50) -> 2.9477778 | S51: =AVERAGE(S40:S50) -> 58.904455
P52: SD | Q52: =STDEVA(Q40:Q50) -> 0.58529247 | R52: =STDEVA(R42:R50) -> 0.43956734 | S52: =STDEVA(S40:S50) -> 50.090696
P53: COV | Q53: =Q52/Q51 -> 0.29040222 | R53: =R52/R51 -> 0.14911821 | S53: =S52/S51 -> 0.85037195
O54: Number of scans per subject | P54: 5 | Q54: <-insert correct numbers before the analysis | AE54: Number of scans per subject | AF54: 5 | AG54: <-insert correct numbers before the analysis | AT54: Number of scans per subject | AU54: 5 | AV54: <-insert correct numbers before the analysis | BI54: Number of scans per subject | BJ54: 5 | BK54: <-insert correct numbers before the analysis
O55: Number of subjects | P55: 11 | Q55: <-insert correct numbers before the analysis | AE55: Number of subjects | AF55: 10 | AG55: <-insert correct numbers before the analysis | AT55: Number of subjects | AU55: 10 | AV55: <-insert correct numbers before the analysis | BI55: Number of subjects | BJ55: 10 | BK55: <-insert correct numbers before the analysis
O56: Within SD | P56: =SQRT(AVERAGE(P40:P53)) -> 0.49532361 | AE56: Within SD | AF56: =SQRT(AVERAGE(AF44:AF53)) -> #DIV/0! | AT56: Within SD | AU56: =SQRT(AVERAGE(AU44:AU53)) -> #DIV/0! | BI56: Within SD | BJ56: =SQRT(AVERAGE(BJ44:BJ53)) -> #DIV/0!
O57: CR | P57: =2.77*P56 -> 1.3720464 | AE57: CR | AF57: =2.77*AF56 -> #DIV/0! | AT57: CR | AU57: =2.77*AU56 -> #DIV/0! | BI57: CR | BJ57: =2.77*BJ56 -> #DIV/0!
O58: CI_A | P58: =P57-(1.96*(P56/(SQRT(2*P55*(P54-1))))) -> 1.2685551 | AE58: CI_A | AF58: =AF57-(1.96*(AF56/(SQRT(2*AF55*(AF54-1))))) -> #DIV/0! | AT58: CI_A | AU58: =AU57-(1.96*(AU56/(SQRT(2*AU55*(AU54-1))))) -> #DIV/0! | BI58: CI_A | BJ58: =BJ57-(1.96*(BJ56/(SQRT(2*BJ55*(BJ54-1))))) -> #DIV/0!
O59: CI_B | P59: =P57+(1.96*(P56/(SQRT(2*P55*(P54-1))))) -> 1.4755377 | AE59: CI_B | AF59: =AF57+(1.96*(AF56/(SQRT(2*AF55*(AF54-1))))) -> #DIV/0! | AT59: CI_B | AU59: =AU57+(1.96*(AU56/(SQRT(2*AU55*(AU54-1))))) -> #DIV/0! | BI59: CI_B | BJ59: =BJ57+(1.96*(BJ56/(SQRT(2*BJ55*(BJ54-1))))) -> #DIV/0!
A61: 50-59 | B61: Healthy | C61: HP-13 | D61: 2.36 | E61: 2.11 | F61: 2.7 | G61: 2.66 | H61: 3.14 | I61: 1.68 | J61: 2.11 | K61: 3.24 | L61: 3.07 | M61: 2.94 | P61: =IFERROR(STDEVA(D61:H61),#N/A) -> 0.38817522 | Q61: =MEDIAN(D61:H61) -> 2.66 | R61: =MAX(J61:O61) -> 3.24 | S61: =100*(R61-Q61)/Q61 -> 21.804511
B62: Healthy | C62: HP-14 | D62: 1.93 | E62: 2.45 | F62: 1.8 | G62: 1.41 | H62: 1.53 | I62: 0.77 | J62: 3.09 | K62: 3.17 | L62: 3.1 | M62: 3.04 | P62: =IFERROR(STDEVA(D62:H62),#N/A) -> 0.4066694 | Q62: =MEDIAN(D62:H62) -> 1.8 | R62: =MAX(J62:O62) -> 3.17 | S62: =100*(R62-Q62)/Q62 -> 76.111111
B63: Healthy | C63: HP-16 | D63: 2.06 | E63: 2.26 | F63: 2.27 | G63: 2.39 | H63: 2.42 | I63: 1.34 | J63: 3.03 | K63: 2.96 | L63: 2.58 | M63: 2.31 | P63: =IFERROR(STDEVA(D63:H63),#N/A) -> 0.1419507 | Q63: =MEDIAN(D63:H63) -> 2.27 | R63: =MAX(J63:O63) -> 3.03 | S63: =100*(R63-Q63)/Q63 -> 33.480176
B64: Healthy | C64: HP-26 | D64: 2.51 | E64: 2.46 | F64: 2.36 | G64: 2.62 | H64: 1.72 | I64: 2.61 | J64: 2.72 | K64: 2.64 | L64: 2.56 | M64: 2.52 | N64: 2.48 | P64: =IFERROR(STDEVA(D64:H64),#N/A) -> 0.35578083 | Q64: =MEDIAN(D64:H64) -> 2.46 | R64: =MAX(J64:O64) -> 2.72 | S64: =100*(R64-Q64)/Q64 -> 10.569106
B65: Healthy | C65: HP-28 | D65: 1.74 | E65: 1.55 | F65: 1.42 | G65: 1.37 | H65: 1.29 | I65: 1.09 | J65: 1.18 | K65: 1.86 | L65: 1.55 | M65: 1.15 | N65: 0.99 | O65: 0.91 | P65: =IFERROR(STDEVA(D65:H65),#N/A) -> 0.17615334 | Q65: =MEDIAN(D65:H65) -> 1.42 | R65: =MAX(J65:O65) -> 1.86 | S65: =100*(R65-Q65)/Q65 -> 30.985915 | T65: 1.94 | U65: 1.57 | V65: 1.47 | W65: 1.75 | X65: 1.53 | Y65: 1.77 | Z65: 2.32 | AA65: 2.36 | AB65: 2.28 | AC65: 2.17 | AD65: 2.13 | AE65: 2.19 | AI65: 1.45 | AJ65: 1.25 | AK65: 1.6 | AL65: 2.35 | AM65: 2.15 | AN65: 1.25 | AO65: 2.46 | AP65: 2.46 | AQ65: 2.21 | AR65: 2.08 | AS65: 2.29 | AT65: 2.39 | AX65: 2.28 | AY65: 2.21 | AZ65: 2.31 | BA65: 2.32 | BB65: 2.35 | BC65: 2.24 | BD65: 2.6 | BE65: 2.54 | BF65: 2.5 | BG65: 2.41 | BH65: 2.44 | BI65: 2.43
B66: Healthy | C66: HP-31 | D66: 1.56 | E66: 1.78 | F66: 1.68 | G66: 1.87 | H66: 1.84 | I66: 1.21 | J66: 2.56 | K66: 2.16 | L66: 1.53 | M66: 2.02 | N66: 2.08 | O66: 1.91 | P66: =IFERROR(STDEVA(D66:H66),#N/A) -> 0.12680694 | Q66: =MEDIAN(D66:H66) -> 1.78 | R66: =MAX(J66:O66) -> 2.56 | S66: =100*(R66-Q66)/Q66 -> 43.820225
B67: Healthy | C67: HP-36 | D67: 2.13 | E67: 1.75 | F67: 1.62 | G67: 1.5 | H67: 1.81 | I67: 1.84 | J67: 2.67 | K67: 2.24 | L67: 2.07 | M67: 2 | N67: 2.06 | O67: 2.07 | P67: =IFERROR(STDEVA(D67:H67),#N/A) -> 0.23805462 | Q67: =MEDIAN(D67:H67) -> 1.75 | R67: =MAX(J67:O67) -> 2.67 | S67: =100*(R67-Q67)/Q67 -> 52.571429
B68: Healthy | C68: HP-37 | D68: 1.38 | E68: 1.4 | F68: 1.79 | G68: 1.97 | H68: 1.71 | I68: 2.01 | J68: 2.55 | K68: 2.26 | L68: 1.92 | M68: 2.11 | N68: 2.05 | O68: 1.95 | P68: =IFERROR(STDEVA(D68:H68),#N/A) -> 0.2554408 | Q68: =MEDIAN(D68:H68) -> 1.71 | R68: =MAX(J68:O68) -> 2.55 | S68: =100*(R68-Q68)/Q68 -> 49.122807 | T68: 1.9 | U68: 2.16 | V68: 2.1 | W68: 2.07 | X68: 2.06 | Y68: 1.99 | Z68: 2.68 | AA68: 2.4 | AB68: 2.53 | AC68: 2.42 | AD68: 2.35 | AE68: 2.38 | AI68: 2.24 | AJ68: 2.29 | AK68: 2.34 | AL68: 2.33 | AM68: 2.43 | AN68: 2.09 | AO68: 2.48 | AP68: 2.34 | AQ68: 2.32 | AR68: 2.34 | AS68: 2.37 | AT68: 2.3 | AX68: 2.37 | AY68: 2.3 | AZ68: 1.77 | BA68: 1.88 | BB68: 2.02 | BC68: 2.04 | BD68: 2.28 | BE68: 2.36 | BF68: 2.2 | BG68: 2.04 | BH68: 2 | BI68: 2.1
B69: Healthy | C69: HP-39 | D69: 1.94 | E69: 2.32 | F69: 2.31 | G69: 2.57 | H69: 2.59 | I69: 1.21 | J69: 2.65 | K69: 2.66 | L69: 2.66 | M69: 2.53 | N69: 2.3 | O69: 2.4 | P69: =IFERROR(STDEVA(D69:H69),#N/A) -> 0.26292585 | Q69: =MEDIAN(D69:H69) -> 2.32 | R69: =MAX(J69:O69) -> 2.66 | S69: =100*(R69-Q69)/Q69 -> 14.655172 | T69: 1.99 | U69: 2.01 | V69: 2.2 | W69: 2.25 | X69: 1.96 | Y69: 1.01 | Z69: 2.66 | AA69: 2.63 | AB69: 2.67 | AC69: 2.45 | AD69: 2.44 | AE69: 2.26
B70: Healthy | C70: HP-40 | E70: 2.17 | F70: 2.31 | G70: 2.05 | H70: 1.93 | I70: 1.93 | J70: 2.59 | K70: 2.32 | L70: 2.27 | M70: 2.2 | N70: 2.26 | O70: 2.23 | P70: =IFERROR(STDEVA(D70:H70),#N/A) -> 0.16278821 | Q70: =MEDIAN(D70:H70) -> 2.11 | R70: =MAX(J70:O70) -> 2.59 | S70: =100*(R70-Q70)/Q70 -> 22.748815 | T70: 1.98 | U70: 1.73 | V70: 1.6 | W70: 1.63 | X70: 1.67 | Y70: 2.18 | Z70: 2.27 | AA70: 2.46 | AB70: 2.28 | AC70: 2.3 | AD70: 2.27 | AE70: 2.21 | AI70: 2.12 | AJ70: 2.26 | AK70: 2.53 | AL70: 2.39 | AM70: 2.6 | AN70: 2.13 | AO70: 2.64 | AP70: 2.45 | AQ70: 2.43 | AR70: 2.24 | AS70: 2.33 | AT70: 2.15 | AX70: 2.15 | AY70: 2.46 | AZ70: 2.14 | BA70: 2.19 | BB70: 2.28 | BC70: 2.09 | BD70: 2.76 | BE70: 2.52 | BF70: 2.41 | BG70: 2.46 | BH70: 2.55 | BI70: 2.57
B71: Healthy | P71: Mean of median | Q71: =AVERAGE(Q61:Q70) -> 2.028 | R71: =AVERAGE(R62:R70) -> 2.6455556 | S71: =AVERAGE(S61:S70) -> 35.586927
P72: SD | Q72: =STDEVA(Q61:Q70) -> 0.39414605 | R72: =STDEVA(R62:R70) -> 0.36500381 | S72: =STDEVA(S61:S70) -> 20.072368
P73: COV | Q73: =Q72/Q71 -> 0.1943521 | R73: =R72/R71 -> 0.13796868 | S73: =S72/S71 -> 0.56403769
O74: Number of scans per subject | P74: 5 | Q74: <-insert correct numbers before the analysis | AE74: Number of scans per subject | AF74: 5 | AG74: <-insert correct numbers before the analysis | AT74: Number of scans per subject | AU74: 5 | AV74: <-insert correct numbers before the analysis | BI74: Number of scans per subject | BJ74: 5 | BK74: <-insert correct numbers before the analysis
O75: Number of subjects | P75: 10 | Q75: <-insert correct numbers before the analysis | AE75: Number of subjects | AF75: 10 | AG75: <-insert correct numbers before the analysis | AT75: Number of subjects | AU75: 10 | AV75: <-insert correct numbers before the analysis | BI75: Number of subjects | BJ75: 10 | BK75: <-insert correct numbers before the analysis
O76: Within SD | P76: =SQRT(AVERAGE(P61:P70)) -> 0.50147242 | AE76: Within SD | AF76: =SQRT(AVERAGE(AF61:AF72)) -> #DIV/0! | AT76: Within SD | AU76: =SQRT(AVERAGE(AU61:AU72)) -> #DIV/0! | BI76: Within SD | BJ76: =SQRT(AVERAGE(BJ61:BJ72)) -> #DIV/0!
O77: CR | P77: =2.77*P76 -> 1.3890786 | AE77: CR | AF77: =2.77*AF76 -> #DIV/0! | AT77: CR | AU77: =2.77*AU76 -> #DIV/0! | BI77: CR | BJ77: =2.77*BJ76 -> #DIV/0!
O78: CI_A | P78: =P77-(1.96*(P76/(SQRT(2*P75*(P74-1))))) -> 1.2791886 | AE78: CI_A | AF78: =AF77-(1.96*(AF76/(SQRT(2*AF75*(AF74-1))))) -> #DIV/0! | AT78: CI_A | AU78: =AU77-(1.96*(AU76/(SQRT(2*AU75*(AU74-1))))) -> #DIV/0! | BI78: CI_A | BJ78: =BJ77-(1.96*(BJ76/(SQRT(2*BJ75*(BJ74-1))))) -> #DIV/0!
O79: CI_B | P79: =P77+(1.96*(P76/(SQRT(2*P75*(P74-1))))) -> 1.4989686 | AE79: CI_B | AF79: =AF77+(1.96*(AF76/(SQRT(2*AF75*(AF74-1))))) -> #DIV/0! | AT79: CI_B | AU79: =AU77+(1.96*(AU76/(SQRT(2*AU75*(AU74-1))))) -> #DIV/0! | BI79: CI_B | BJ79: =BJ77+(1.96*(BJ76/(SQRT(2*BJ75*(BJ74-1))))) -> #DIV/0!
A81: 60-74 | B81: Healthy | C81: HP-17 | D81: 2.23 | E81: 2.46 | F81: 2.74 | G81: 2.79 | H81: 2.77 | I81: 0.95 | J81: 2.93 | K81: 2.87 | L81: 2.73 | M81: 2.4 | P81: =IFERROR(STDEVA(D81:H81),#N/A) -> 0.24549949 | Q81: =MEDIAN(D81:H81) -> 2.74 | R81: =MAX(J81:O81) -> 2.93 | S81: =100*(R81-Q81)/Q81 -> 6.9343066
B82: Healthy | C82: HP-27 | D82: 1.69 | E82: 1.46 | F82: 1.89 | G82: 1.97 | H82: 1.87 | I82: 1.76 | J82: 1.88 | K82: 1.9 | L82: 1.91 | M82: 1.89 | N82: 1.99 | O82: 1.91 | P82: =IFERROR(STDEVA(D82:H82),#N/A) -> 0.2041568 | Q82: =MEDIAN(D82:H82) -> 1.87 | R82: =MAX(J82:O82) -> 1.99 | S82: =100*(R82-Q82)/Q82 -> 6.4171123
B83: Healthy | C83: HP-34 | D83: 1.36 | E83: 1.2 | F83: 1.41 | G83: 1.5 | H83: 1.17 | I83: 1.48 | J83: 2.5 | K83: 2.26 | L83: 1.84 | M83: 1.99 | N83: 1.96 | O83: 1.97 | P83: =IFERROR(STDEVA(D83:H83),#N/A) -> 0.14024978 | Q83: =MEDIAN(D83:H83) -> 1.36 | R83: =MAX(J83:O83) -> 2.5 | S83: =100*(R83-Q83)/Q83 -> 83.823529 | T83: 1.38 | U83: 1.33 | V83: 1.43 | W83: 1.27 | X83: 1.5 | Y83: 1.11 | Z83: 1.21 | AA83: 2.36 | AB83: 1.62 | AC83: 1.71 | AD83: 1.4 | AE83: 1.69 | AI83: 2.1 | AJ83: 2.01 | AK83: 1.94 | AL83: 2.11 | AM83: 2.12 | AN83: 1.48 | AO83: 2.55 | AP83: 2.4 | AQ83: 2.33 | AR83: 2.13 | AS83: 2.09 | AT83: 2.16 | AX83: 1.88 | AY83: 1.52 | AZ83: 2.14 | BA83: 1.67 | BB83: 1.61 | BC83: 1.77 | BD83: 2.27 | BE83: 2.62 | BF83: 2.39 | BG83: 2.35 | BH83: 2.42 | BI83: 2.48
B84: Healthy | C84: HP-46 | D84: 1.62 | E84: 2.45 | F84: 2.11 | G84: 2.2 | H84: 2.39 | I84: 2.12 | J84: 3.33 | K84: 3.25 | L84: 3.21 | M84: 2.97 | N84: 2.85 | O84: 2.83 | P84: =IFERROR(STDEVA(D84:H84),#N/A) -> 0.32883126 | Q84: =MEDIAN(D84:H84) -> 2.2 | R84: =MAX(J84:O84) -> 3.33 | S84: =100*(R84-Q84)/Q84 -> 51.363636
B85: Healthy | C85: HP-53 | D85: 1.62 | E85: 2.54 | F85: 2.64 | G85: 2.66 | H85: 2.63 | I85: 1.67 | J85: 3.43 | K85: 3.23 | L85: 3.04 | M85: 2.82 | N85: 3.13 | O85: 3.12 | P85: =IFERROR(STDEVA(D85:H85),#N/A) -> 0.44846405 | Q85: =MEDIAN(D85:H85) -> 2.63 | R85: =MAX(J85:O85) -> 3.43 | S85: =100*(R85-Q85)/Q85 -> 30.418251
B86: Healthy | C86: HP-54 | D86: 1.8 | E86: 2.05 | F86: 2.25 | G86: 2.14 | H86: 2.14 | I86: 1.51 | J86: 2.66 | K86: 3.15 | L86: 2.25 | M86: 2.3 | N86: 2.04 | O86: 2.69 | P86: =IFERROR(STDEVA(D86:H86),#N/A) -> 0.16979399 | Q86: =MEDIAN(D86:H86) -> 2.14 | R86: =MAX(J86:O86) -> 3.15 | S86: =100*(R86-Q86)/Q86 -> 47.196262
B87: Healthy | C87: HP-55 | D87: 1.29 | E87: 2.18 | F87: 2.11 | G87: 2.23 | H87: 1.97 | I87: 1.98 | J87: 2.03 | K87: 3.16 | L87: 3.31 | M87: 3 | N87: 2.5 | O87: 2.44 | P87: =IFERROR(STDEVA(D87:H87),#N/A) -> 0.38494155 | Q87: =MEDIAN(D87:H87) -> 2.11 | R87: =MAX(J87:O87) -> 3.31 | S87: =100*(R87-Q87)/Q87 -> 56.872038
B88: Healthy | C88: HP-57 | D88: 2.65 | E88: 2.88 | F88: 2.96 | G88: 2.8 | H88: 2.76 | I88: 2.45 | J88: 3.41 | K88: 3.34 | L88: 3.32 | M88: 3.05 | N88: 3.01 | O88: 2.77 | P88: =IFERROR(STDEVA(D88:H88),#N/A) -> 0.11789826 | Q88: =MEDIAN(D88:H88) -> 2.8 | R88: =MAX(J88:O88) -> 3.41 | S88: =100*(R88-Q88)/Q88 -> 21.785714
B89: Healthy | C89: HP-23 | D89: 0.88 | E89: 1.05 | F89: 1.15 | G89: 1.04 | H89: 0.91 | I89: 1.83 | J89: 2.21 | K89: 2.3 | L89: 2.27 | M89: 2.41 | N89: 2.27 | O89: 2.4 | P89: =IFERROR(STDEVA(D89:H89),#N/A) -> 0.11058933 | Q89: =MEDIAN(D89:H89) -> 1.04 | R89: =MAX(J89:O89) -> 2.41 | S89: =100*(R89-Q89)/Q89 -> 131.73077
B90: Healthy | C90: HP-47 | D90: 3.39 | E90: 3.46 | F90: 3.51 | G90: 3.49 | H90: 3.44 | I90: 2.72 | J90: 2.69 | K90: 3.44 | L90: 3.44 | M90: 3.33 | N90: 3.23 | O90: 3.07 | P90: =IFERROR(STDEVA(D90:H90),#N/A) -> 0.046583259 | Q90: =MEDIAN(D90:H90) -> 3.46 | R90: =MAX(J90:O90) -> 3.44 | S90: =100*(R90-Q90)/Q90 -> -0.57803468
B91: Healthy | C91: HP-51 | D91: 1.87 | E91: 1.74 | F91: 1.81 | G91: 2.16 | H91: 1.97 | I91: 1.98 | J91: 3.07 | K91: 2.79 | L91: 2.51 | M91: 2.54 | N91: 2.65 | O91: 2.65 | P91: =IFERROR(STDEVA(D91:H91),#N/A) -> 0.16324828 | Q91: =MEDIAN(D91:H91) -> 1.87 | R91: =MAX(J91:O91) -> 3.07 | S91: =100*(R91-Q91)/Q91 -> 64.171123
B92: Healthy | C92: HP-60 | D92: 2.52 | E92: 2.49 | F92: 2.94 | G92: 2.89 | H92: 2.42 | I92: 1.82 | J92: 2.01 | K92: 3.34 | L92: 3.32 | M92: 2.95 | N92: 2.94 | O92: 3.09 | P92: =IFERROR(STDEVA(D92:H92),#N/A) -> 0.24345431 | Q92: =MEDIAN(D92:H92) -> 2.52 | R92: =MAX(J92:O92) -> 3.34 | S92: =100*(R92-Q92)/Q92 -> 32.539683 | T92: 2.87 | U92: 2.29 | V92: 1.92 | W92: 3.11 | X92: 2.89 | Y92: 2.84 | Z92: 2.4 | AA92: 3.04 | AB92: 3.23 | AC92: 3.34 | AD92: 3.27 | AE92: 3.12 | AI92: 2.66 | AJ92: 2.85 | AK92: 3.1 | AL92: 3.07 | AM92: 3.1 | AN92: 2.1 | AO92: 3.29 | AP92: 3.09 | AQ92: 3.1 | AR92: 3.2 | AS92: 3.02 | AT92: 3.17 | AX92: 2.42 | AY92: 2.84 | AZ92: 3.03 | BA92: 2.9 | BB92: 2.95 | BC92: 2.44 | BD92: 3.3 | BE92: 3.08 | BF92: 2.89 | BG92: 2.89 | BH92: 2.73 | BI92: 2.64
B93: Healthy | C93: HP-48 | D93: 1.57 | E93: 2.23 | F93: 2.51 | G93: 2.62 | H93: 2.16 | I93: 1.89 | J93: 3.35 | K93: 3.22 | L93: 3.15 | M93: 3.17 | N93: 2.91 | O93: 2.86 | P93: =IFERROR(STDEVA(D93:H93),#N/A) -> 0.40935315 | Q93: =MEDIAN(D93:H93) -> 2.23 | R93: =MAX(J93:O93) -> 3.35 | S93: =100*(R93-Q93)/Q93 -> 50.224215 | T93: 1.91 | U93: 2.37 | V93: 2.44 | W93: 2.55 | X93: 2.56 | Y93: 1.27 | Z93: 3.37 | AA93: 2.42 | AB93: 2.48 | AC93: 2.09 | AD93: 2.04 | AE93: 2.43 | AT93: Number of scans per subject | AU93: 5 | AV93: <-insert correct numbers before the analysis | BI93: Number of scans per subject | BJ93: 5 | BK93: <-insert correct numbers before the analysis
P94: Mean of median | Q94: =AVERAGE(Q81:Q93) -> 2.2284615 | R94: =AVERAGE(R85:R93) -> 3.2122222 | S94: =AVERAGE(S81:S93) -> 44.838354
P95: SD | Q95: =STDEVA(Q81:Q93) -> 0.63229537 | R95: =STDEVA(R85:R93) -> 0.32614329 | S95: =STDEVA(S81:S93) -> 35.976874
P96: COV | Q96: =Q95/Q94 -> 0.28373627 | R96: =R95/R94 -> 0.10153198 | S96: =S95/S94 -> 0.8023683
O97: Number of scans per subject | P97: 5 | Q97: <-insert correct numbers before the analysis | AE97: Number of scans per subject | AF97: 5 | AG97: <-insert correct numbers before the analysis | AT97: Number of subjects | AU97: 10 | AV97: <-insert correct numbers before the analysis | BI97: Number of subjects | BJ97: 10 | BK97: <-insert correct numbers before the analysis
O98: Number of subjects | P98: 13 | Q98: <-insert correct numbers before the analysis | AE98: Number of subjects | AF98: 10 | AT98: Within SD | AU98: =SQRT(AVERAGE(AU81:AU92)) -> #DIV/0! | BI98: Within SD | BJ98: =SQRT(AVERAGE(BJ81:BJ92)) -> #DIV/0!
O99: Within SD | P99: =SQRT(AVERAGE(P81:P93)) -> 0.48142924 | AE99: Within SD | AF99: =SQRT(AVERAGE(AF81:AF92)) -> #DIV/0! | AT99: CR | AU99: =2.77*AU98 -> #DIV/0! | BI99: CR | BJ99: =2.77*BJ98 -> #DIV/0!
O100: CR | P100: =2.77*P99 -> 1.333559 | AE100: CR | AF100: =2.77*AF99 -> #DIV/0! | AT100: CI_A | AU100: =AU99-(1.96*(AU98/(SQRT(2*AU97*(AU93-1))))) -> #DIV/0! | BI100: CI_A | BJ100: =BJ99-(1.96*(BJ98/(SQRT(2*BJ97*(BJ93-1))))) -> #DIV/0!
O101: CI_A | P101: =P100-(1.96*(P99/(SQRT(2*P98*(P97-1))))) -> 1.2410313 | AE101: CI_A | AF101: =AF100-(1.96*(AF99/(SQRT(2*AF98*(AF97-1))))) -> #DIV/0! | AT101: CI_B | AU101: =AU99+(1.96*(AU98/(SQRT(2*AU97*(AU93-1))))) -> #DIV/0! | BI101: CI_B | BJ101: =BJ99+(1.96*(BJ98/(SQRT(2*BJ97*(BJ93-1))))) -> #DIV/0!
O102: CI_B | P102: =P100+(1.96*(P99/(SQRT(2*P98*(P97-1))))) -> 1.4260867 | AE102: CI_B | AF102: =AF100+(1.96*(AF99/(SQRT(2*AF98*(AF97-1))))) -> #DIV/0! | AT102: CI_B | AU102: =AU100+(1.96*(AU99/(SQRT(2*AU98*(AU97-1))))) -> #DIV/0! | BI102: CI_B | BJ102: =BJ100+(1.96*(BJ99/(SQRT(2*BJ98*(BJ97-1))))) -> #DIV/0!
A104: 40-69
B106: Diabetic | C106: DP-04 | D106: 1.58 | E106: 1.53 | F106: 1.51 | G106: 1.47 | H106: 1.34 | I106: 2.39 | J106: 2.29 | K106: 2.21 | L106: 2.45 | M106: 2.45 | N106: 2.48 | O106: 2.4 | P106: =IFERROR(STDEVA(D106:H106),#N/A) -> 0.090719347 | Q106: =MEDIAN(D106:H106) -> 1.51 | R106: =MAX(J106:O106) -> 2.48 | S106: =100*(R106-Q106)/Q106 -> 64.238411 | T106: 1.78 | U106: 2 | V106: 2 | W106: 1.91 | X106: 1.95 | Y106: 1.7 | Z106: 2.56 | AA106: 2.41 | AB106: 2.43 | AC106: 2.23 | AD106: 2.01 | AE106: 1.81 | AI106: 0.85 | AJ106: 0.95 | AK106: 1.45 | AL106: 1.75 | AM106: 1.25 | AN106: 1.48 | AO106: 1.73 | AP106: 1.7 | AQ106: 1.68 | AR106: 1.21 | AS106: 1.42 | AT106: 1.39 | AX106: 1.83 | AY106: 1.63 | AZ106: 1.72 | BA106: 1.68 | BB106: 1.72 | BC106: 2.05 | BD106: 2.02 | BE106: 1.89 | BF106: 1.87 | BG106: 1.88 | BH106: 1.9 | BI106: 1.77
...

Sheet Branchpoint density
D1: SESSION 1 | P1: Coefficient of repeatibility analysis from the baseline scans | T1: SESSION 2 | AF1: Coefficient of repeatibility analysis from the baseline scans | AI1: SESSION 3 | AU1: Coefficient of repeatibility analysis from the baseline scans | AX1: SESSION 4 | BJ1: Coefficient of repeatibility analysis from the baseline scans
D2: Baseline | I2: Ischemia | J2: PORH | Q2: Median value of 5 measures | R2: MAX PORH | S2: Absolute diff between PORH and Median | T2: Baseline | Y2: Ischemia | Z2: PORH | AI2: Baseline | AN2: Ischemia | AO2: PORH | AX2: Baseline | BC2: Ischemia | BD2: PORH
A3: Age group | B3: Health/disease | C3: Participant ID | D3: Scan 1 | E3: Scan 2 | F3: Scan 3 | G3: Scan 4 | H3: Scan 5 | I3: Scan 6 | J3: Scan 7 | K3: Scan 8 | L3: Scan 9 | M3: Scan 10 | N3: Scan 11 | O3: Scan 12 | P3: Variance of (SD) | T3: Scan 1 | U3: Scan 2 | V3: Scan 3 | W3: Scan 4 | X3: Scan 5 | Y3: Scan 6 | Z3: Scan 7 | AA3: Scan 8 | AB3: Scan 9 | AC3: Scan 10 | AD3: Scan 11 | AE3: Scan 12 | AF3: Variance of (SD) | AI3: Scan 1 | AJ3: Scan 2 | AK3: Scan 3 | AL3: Scan 4 | AM3: Scan 5 | AN3: Scan 6 | AO3: Scan 7 | AP3: Scan 8 | AQ3: Scan 9 | AR3: Scan 10 | AS3: Scan 11 | AT3: Scan 12 | AU3: Variance of (SD) | AX3: Scan 1 | AY3: Scan 2 | AZ3: Scan 3 | BA3: Scan 4 | BB3: Scan 5 | BC3: Scan 6 | BD3: Scan 7 | BE3: Scan 8 | BF3: Scan 9 | BG3: Scan 10 | BH3: Scan 11 | BI3: Scan 12 | BJ3: Variance of (SD)
B4: Healthy | C4: HP-03 | D4: 1.33 | E4: 1.61 | F4: 1.47 | G4: 1.42 | H4: 1.35 | I4: 0.89 | J4: 2.45 | K4: 1.9 | L4: 1.99 | M4: 2.04 | P4: =IFERROR(STDEVA(D4:H4),#N/A) -> 0.1121606 | Q4: =MEDIAN(D4:H4) -> 1.42 | R4: =MAX(J4:O4) -> 2.45 | S4: =100*(R4-Q4)/Q4 -> 72.535211 | AF4: =IFERROR(STDEVA(T4:X4),#N/A) -> #N/A | AU4: =IFERROR(STDEVA(AI4:AM4),#N/A) -> #N/A | BJ4: =IFERROR(STDEVA(AX4:BB4),#N/A) -> #N/A
B5: Healthy | C5: HP-05 | D5: 2.23 | E5: 2.46 | F5: 2.82 | G5: 2.9 | H5: 2.9 | I5: 1.06 | J5: 3.56 | K5: 3.31 | L5: 3.6 | M5: 3.23 | P5: =IFERROR(STDEVA(D5:H5),#N/A) -> 0.3023574 | Q5: =MEDIAN(D5:H5) -> 2.82 | R5: =MAX(J5:O5) -> 3.6 | S5: =100*(R5-Q5)/Q5 -> 27.659574 | AF5: =IFERROR(STDEVA(T5:X5),#N/A) -> #N/A | AU5: =IFERROR(STDEVA(AI5:AM5),#N/A) -> #N/A | BJ5: =IFERROR(STDEVA(AX5:BB5),#N/A) -> #N/A
B6: Healthy | C6: HP-06 | D6: 2.63 | E6: 2.71 | F6: 2.75 | G6: 2.68 | H6: 2.66 | I6: 0.95 | J6: 3.79 | K6: 4.23 | L6: 3.83 | M6: 3.52 | P6: =IFERROR(STDEVA(D6:H6),#N/A) -> 0.046151923 | Q6: =MEDIAN(D6:H6) -> 2.68 | R6: =MAX(J6:O6) -> 4.23 | S6: =100*(R6-Q6)/Q6 -> 57.835821 | AF6: =IFERROR(STDEVA(T6:X6),#N/A) -> #N/A | AU6: =IFERROR(STDEVA(AI6:AM6),#N/A) -> #N/A | BJ6: =IFERROR(STDEVA(AX6:BB6),#N/A) -> #N/A
B7: Healthy | C7: HP-07 | D7: 1.66 | E7: 1.85 | F7: 2.01 | G7: 1.94 | H7: 2.07 | I7: 0.68 | J7: 3.44 | K7: 3.05 | L7: 2.58 | M7: 2.93 | P7: =IFERROR(STDEVA(D7:H7),#N/A) -> 0.16009372 | Q7: =MEDIAN(D7:H7) -> 1.94 | R7: =MAX(J7:O7) -> 3.44 | S7: =100*(R7-Q7)/Q7 -> 77.319588 | AF7: =IFERROR(STDEVA(T7:X7),#N/A) -> #N/A | AU7: =IFERROR(STDEVA(AI7:AM7),#N/A) -> #N/A | BJ7: =IFERROR(STDEVA(AX7:BB7),#N/A) -> #N/A
B8: Healthy | C8: HP-09 | D8: 1.4 | E8: 1.82 | F8: 2.05 | G8: 2.09 | H8: 1.7 | I8: 1.19 | J8: 4.72 | K8: 3.74 | L8: 3.3 | M8: 2.85 | P8: =IFERROR(STDEVA(D8:H8),#N/A) -> 0.28119388 | Q8: =MEDIAN(D8:H8) -> 1.82 | R8: =MAX(J8:O8) -> 4.72 | S8: =100*(R8-Q8)/Q8 -> 159.34066 | AF8: =IFERROR(STDEVA(T8:X8),#N/A) -> #N/A | AU8: =IFERROR(STDEVA(AI8:AM8),#N/A) -> #N/A | BJ8: =IFERROR(STDEVA(AX8:BB8),#N/A) -> #N/A
B9: Healthy | C9: HP-10 | D9: 1.73 | E9: 1.98 | F9: 1.67 | G9: 1.82 | H9: 1.65 | I9: 1.14 | J9: 3.23 | K9: 2.15 | L9: 1.6 | M9: 1.75 | P9: =IFERROR(STDEVA(D9:H9),#N/A) -> 0.13472194 | Q9: =MEDIAN(D9:H9) -> 1.73 | R9: =MAX(J9:O9) -> 3.23 | S9: =100*(R9-Q9)/Q9 -> 86.705202 | AF9: =IFERROR(STDEVA(T9:X9),#N/A) -> #N/A | AU9: =IFERROR(STDEVA(AI9:AM9),#N/A) -> #N/A | BJ9: =IFERROR(STDEVA(AX9:BB9),#N/A) -> #N/A
B10: Healthy | C10: HP-11 | D10: 1.24 | E10: 1.83 | F10: 1.2 | G10: 1.37 | H10: 1.13 | I10: 1.5 | J10: 2.78 | K10: 3.17 | L10: 2.68 | M10: 1.89 | P10: =IFERROR(STDEVA(D10:H10),#N/A) -> 0.28005357 | Q10: =MEDIAN(D10:H10) -> 1.24 | R10: =MAX(J10:O10) -> 3.17 | S10: =100*(R10-Q10)/Q10 -> 155.64516 | AF10: =IFERROR(STDEVA(T10:X10),#N/A) -> #N/A | AU10: =IFERROR(STDEVA(AI10:AM10),#N/A) -> #N/A | BJ10: =IFERROR(STDEVA(AX10:BB10),#N/A) -> #N/A
B11: Healthy | C11: HP-18 | D11: 1.05 | E11: 1.57 | F11: 3.15 | G11: 3.52 | H11: 2.78 | I11: 0.72 | J11: 4.15 | K11: 4.87 | L11: 4.53 | M11: 4.56 | P11: =IFERROR(STDEVA(D11:H11),#N/A) -> 1.0573221 | Q11: =MEDIAN(D11:H11) -> 2.78 | R11: =MAX(J11:O11) -> 4.87 | S11: =100*(R11-Q11)/Q11 -> 75.179856 | AF11: =IFERROR(STDEVA(T11:X11),#N/A) -> #N/A | AU11: =IFERROR(STDEVA(AI11:AM11),#N/A) -> #N/A | BJ11: =IFERROR(STDEVA(AX11:BB11),#N/A) -> #N/A
B12: Healthy | C12: HP-24 | D12: 2.52 | E12: 2.82 | F12: 2.85 | G12: 2.67 | H12: 2.46 | I12: 1.75 | J12: 2.94 | K12: 3.44 | L12: 2.92 | M12: 3.5 | N12: 2.78 | O12: 2.28 | P12: =IFERROR(STDEVA(D12:H12),#N/A) -> 0.1741551 | Q12: =MEDIAN(D12:H12) -> 2.67 | R12: =MAX(J12:O12) -> 3.5 | S12: =100*(R12-Q12)/Q12 -> 31.086142 | AF12: =IFERROR(STDEVA(T12:X12),#N/A) -> #N/A | AU12: =IFERROR(STDEVA(AI12:AM12),#N/A) -> #N/A | BJ12: =IFERROR(STDEVA(AX12:BB12),#N/A) -> #N/A
P13: Mean of median | Q13: =AVERAGE(Q4:Q12) -> 2.1222222 | R13: =AVERAGE(R4:R12) -> 3.69 | S13: =AVERAGE(S4:S12) -> 82.589691 | AF13: =IFERROR(STDEVA(T13:X13),#N/A) -> #N/A | AU13: =IFERROR(STDEVA(AI13:AM13),#N/A) -> #N/A | BJ13: =IFERROR(STDEVA(AX13:BB13),#N/A) -> #N/A
P14: SD | Q14: =STDEVA(Q4:Q12) -> 0.62053964 | R14: =STDEVA(R4:R12) -> 0.78032045 | S14: =STDEVA(S4:S12) -> 47.052112 | AF14: =IFERROR(STDEVA(T14:X14),#N/A) -> #N/A | AU14: =IFERROR(STDEVA(AI14:AM14),#N/A) -> #N/A | BJ14: =IFERROR(STDEVA(AX14:BB14),#N/A) -> #N/A
P15: COV | Q15: =Q14/Q13 -> 0.29240088 | R15: =R14/R13 -> 0.21146896 | S15: =S14/S13 -> 0.56970926 | AF15: =IFERROR(STDEVA(T15:X15),#N/A) -> #N/A | AU15: =IFERROR(STDEVA(AI15:AM15),#N/A) -> #N/A | BJ15: =IFERROR(STDEVA(AX15:BB15),#N/A) -> #N/A
O16: Number of scans per subject | P16: 5 | Q16: <-insert correct numbers before the analysis | AE16: Number of scans per subject | AF16: 5 | AG16: <-insert correct numbers before the analysis | AT16: Number of scans per subject | AU16: 5 | AV16: <-insert correct numbers before the analysis | BI16: Number of scans per subject | BJ16: 5 | BK16: <-insert correct numbers before the analysis
O17: Number of subjects | P17: 9 | Q17: <-insert correct numbers before the analysis | AE17: Number of subjects | AF17: 10 | AG17: <-insert correct numbers before the analysis | AT17: Number of subjects | AU17: 10 | AV17: <-insert correct numbers before the analysis | BI17: Number of subjects | BJ17: 10 | BK17: <-insert correct numbers before the analysis
O18: Within SD | P18: =SQRT(AVERAGE(P4:P12)) -> 0.53210381 | AE18: Within SD | AF18: =SQRT(AVERAGE(AF4:AF15)) -> #N/A | AT18: Within SD | AU18: =SQRT(AVERAGE(AU4:AU15)) -> #N/A | BI18: Within SD | BJ18: =SQRT(AVERAGE(BJ4:BJ15)) -> #N/A
O19: CR | P19: =2.77*P18 -> 1.4739276 | AE19: CR | AF19: =2.77*AF18 -> #N/A | AT19: CR | AU19: =2.77*AU18 -> #N/A | BI19: CR | BJ19: =2.77*BJ18 -> #N/A
O20: CI_A | P20: =P19-(1.96*(P18/(SQRT(2*P17*(P16-1))))) -> 1.3510179 | AE20: CI_A | AF20: =AF19-(1.96*(AF18/(SQRT(2*AF17*(AF16-1))))) -> #N/A | AT20: CI_A | AU20: =AU19-(1.96*(AU18/(SQRT(2*AU17*(AU16-1))))) -> #N/A | BI20: CI_A | BJ20: =BJ19-(1.96*(BJ18/(SQRT(2*BJ17*(BJ16-1))))) -> #N/A
O21: CI_B | P21: =P19+(1.96*(P18/(SQRT(2*P17*(P16-1))))) -> 1.5968373 | AE21: CI_B | AF21: =AF19+(1.96*(AF18/(SQRT(2*AF17*(AF16-1))))) -> #N/A | AT21: CI_B | AU21: =AU19+(1.96*(AU18/(SQRT(2*AU17*(AU16-1))))) -> #N/A | BI21: CI_B | BJ21: =BJ19+(1.96*(BJ18/(SQRT(2*BJ17*(BJ16-1))))) -> #N/A
A23: 30-39 | B23: Healthy | C23: HP-04 | D23: 2.05 | E23: 1.84 | F23: 1.81 | G23: 2.13 | H23: 2.46 | I23: 0.64 | J23: 2.95 | K23: 2.44 | L23: 2.08 | M23: 2.14 | P23: =IFERROR(STDEVA(D23:H23),#N/A) -> 0.2626214 | Q23: =MEDIAN(D23:H23) -> 2.05 | R23: =MAX(J23:O23) -> 2.95 | S23: =100*(R23-Q23)/Q23 -> 43.902439
B24: Healthy | C24: HP-08 | D24: 1.6 | E24: 2.19 | F24: 2.16 | G24: 2.11 | H24: 1.75 | I24: 1.04 | J24: 4.06 | K24: 3.58 | L24: 3.55 | M24: 3.1 | P24: =IFERROR(STDEVA(D24:H24),#N/A) -> 0.2688308 | Q24: =MEDIAN(D24:H24) -> 2.11 | R24: =MAX(J24:O24) -> 4.06 | S24: =100*(R24-Q24)/Q24 -> 92.417062
B25: Healthy | C25: HP-19 | D25: 1.08 | E25: 1.44 | F25: 0.95 | G25: 1.1 | H25: 1.56 | I25: 0.82 | J25: 2.25 | K25: 2.21 | L25: 3.26 | M25: 1.97 | P25: =IFERROR(STDEVA(D25:H25),#N/A) -> 0.2601538 | Q25: =MEDIAN(D25:H25) -> 1.1 | R25: =MAX(J25:O25) -> 3.26 | S25: =100*(R25-Q25)/Q25 -> 196.36364
B26: Healthy | C26: HP-21 | D26: 3.18 | E26: 3.42 | F26: 3.98 | G26: 3.17 | H26: 3.46 | I26: 1.52 | J26: 5.07 | K26: 3.68 | L26: 3.12 | M26: 3.05 | N26: 3.23 | O26: 3.31 | P26: =IFERROR(STDEVA(D26:H26),#N/A) -> 0.32896808 | Q26: =MEDIAN(D26:H26) -> 3.42 | R26: =MAX(J26:O26) -> 5.07 | S26: =100*(R26-Q26)/Q26 -> 48.245614 | T26: 2.96 | U26: 2.97 | V26: 2.88 | W26: 2.79 | X26: 3.37 | Y26: 1.18 | Z26: 5.66 | AA26: 5.7 | AB26: 4.61 | AC26: 4.2 | AD26: 4.02 | AE26: 3.99 | AI26: 2.93 | AJ26: 3.48 | AK26: 3.42 | AL26: 2.74 | AM26: 3 | AN26: 1.8 | AO26: 3.75 | AP26: 5.07 | AQ26: 5.19 | AR26: 3.58 | AS26: 4.11 | AT26: 3.76 | AX26: 3.92 | AY26: 3.78 | AZ26: 3.74 | BA26: 4.15 | BB26: 4.18 | BC26: 1.57 | BD26: 4.75 | BE26: 5.66 | BF26: 4.87 | BG26: 4.68 | BH26: 4.78 | BI26: 4.54
B27: Healthy | C27: HP-22 | D27: 4.04 | E27: 3.01 | F27: 5.17 | G27: 5.15 | H27: 5.31 | I27: 2.21 | J27: 3.6 | K27: 2.85 | L27: 3.21 | M27: 3.2 | N27: 3.54 | O27: 3.61 | P27: =IFERROR(STDEVA(D27:H27),#N/A) -> 0.99407243 | Q27: =MEDIAN(D27:H27) -> 5.15 | R27: =MAX(J27:O27) -> 3.61 | S27: =100*(R27-Q27)/Q27 -> -29.902913
B28: Healthy | C28: HP-30 | D28: 1.34 | E28: 2.04 | F28: 2.42 | G28: 2.48 | H28: 2.04 | I28: 1.67 | J28: 1.53 | K28: 2.47 | L28: 2.83 | M28: 2.65 | N28: 2.8 | O28: 2.68 | P28: =IFERROR(STDEVA(D28:H28),#N/A) -> 0.45418058 | Q28: =MEDIAN(D28:H28) -> 2.04 | R28: =MAX(J28:O28) -> 2.83 | S28: =100*(R28-Q28)/Q28 -> 38.72549
B29: Healthy | C29: HP-38 | D29: 2.61 | E29: 2.21 | F29: 2.05 | G29: 2.18 | H29: 2.3 | I29: 2.3 | J29: 3.03 | K29: 2.3 | L29: 1.65 | M29: 2.13 | N29: 2.05 | O29: 1.87 | P29: =IFERROR(STDEVA(D29:H29),#N/A) -> 0.21011901 | Q29: =MEDIAN(D29:H29) -> 2.21 | R29: =MAX(J29:O29) -> 3.03 | S29: =100*(R29-Q29)/Q29 -> 37.104072
P30: Mean of median | Q30: =AVERAGE(Q23:Q29) -> 2.5828571 | R30: =AVERAGE(R21:R29) -> 3.5442857 | S30: =AVERAGE(S23:S29) -> 60.979343
P31: SD | Q31: =STDEVA(Q19:Q29) -> 1.3185309 | R31: =STDEVA(R21:R29) -> 0.79653117 | S31: =STDEVA(S23:S29) -> 69.636978
P32: COV | Q32: =Q31/Q30 -> 0.51049317 | R32: =R31/R30 -> 0.22473673 | S32: =S31/S30 -> 1.1419765
O33: Number of scans per subject | P33: 5 | Q33: <-insert correct numbers before the analysis | AE33: Number of scans per subject | AF33: 5 | AG33: <-insert correct numbers before the analysis | AT33: Number of scans per subject | AU33: 5 | AV33: <-insert correct numbers before the analysis | BI33: Number of scans per subject | BJ33: 5 | BK33: <-insert correct numbers before the analysis
O34: Number of subjects | P34: 7 | Q34: <-insert correct numbers before the analysis | AE34: Number of subjects | AF34: 10 | AG34: <-insert correct numbers before the analysis | AT34: Number of subjects | AU34: 10 | AV34: <-insert correct numbers before the analysis | BI34: Number of subjects | BJ34: 10 | BK34: <-insert correct numbers before the analysis
O35: Within SD | P35: =SQRT(AVERAGE(P23:P32)) -> 0.63007325 | AE35: Within SD | AF35: =SQRT(AVERAGE(AF23:AF32)) -> #DIV/0! | AT35: Within SD | AU35: =SQRT(AVERAGE(AU23:AU32)) -> #DIV/0! | BI35: Within SD | BJ35: =SQRT(AVERAGE(BJ23:BJ32)) -> #DIV/0!
O36: CR | P36: =2.77*P35 -> 1.7453029 | AE36: CR | AF36: =2.77*AF35 -> #DIV/0! | AT36: CR | AU36: =2.77*AU35 -> #DIV/0! | BI36: CR | BJ36: =2.77*BJ35 -> #DIV/0!
O37: CI_A | P37: =P36-(1.96*(P35/(SQRT(2*P34*(P33-1))))) -> 1.5802766 | AE37: CI_A | AF37: =AF36-(1.96*(AF35/(SQRT(2*AF34*(AF33-1))))) -> #DIV/0! | AT37: CI_A | AU37: =AU36-(1.96*(AU35/(SQRT(2*AU34*(AU33-1))))) -> #DIV/0! | BI37: CI_A | BJ37: =BJ36-(1.96*(BJ35/(SQRT(2*BJ34*(BJ33-1))))) -> #DIV/0!
O38: CI_B | P38: =P36+(1.96*(P35/(SQRT(2*P34*(P33-1))))) -> 1.9103292 | AE38: CI_B | AF38: =AF36+(1.96*(AF35/(SQRT(2*AF34*(AF33-1))))) -> #DIV/0! | AT38: CI_B | AU38: =AU36+(1.96*(AU35/(SQRT(2*AU34*(AU33-1))))) -> #DIV/0! | BI38: CI_B | BJ38: =BJ36+(1.96*(BJ35/(SQRT(2*BJ34*(BJ33-1))))) -> #DIV/0!
A40: 40-49 | B40: Healthy | C40: HP-12 | D40: 1.89 | E40: 2.28 | F40: 2.15 | G40: 2.26 | H40: 2.12 | I40: 0.99 | J40: 3.03 | K40: 2.58 | L40: 2.55 | M40: 2.5 | P40: =IFERROR(STDEVA(D40:H40),#N/A) -> 0.15572412 | Q40: =MEDIAN(D40:H40) -> 2.15 | R40: =MAX(J40:O40) -> 3.03 | S40: =100*(R40-Q40)/Q40 -> 40.930233
B41: Healthy | C41: HP-15 | D41: 1.23 | E41: 1.14 | F41: 0.88 | G41: 1.06 | H41: 1.16 | I41: 0.59 | J41: 2.76 | K41: 2.49 | L41: 1.91 | M41: 1.54 | P41: =IFERROR(STDEVA(D41:H41),#N/A) -> 0.13408952 | Q41: =MEDIAN(D41:H41) -> 1.14 | R41: =MAX(J41:O41) -> 2.76 | S41: =100*(R41-Q41)/Q41 -> 142.10526
B42: Healthy | C42: HP-20 | D42: 2.01 | E42: 2.05 | F42: 1.93 | G42: 2.34 | H42: 2.32 | I42: 1.87 | J42: 4.24 | K42: 3.32 | L42: 2.9 | M42: 2.71 | N42: 2.21 | O42: 3.46 | P42: =IFERROR(STDEVA(D42:H42),#N/A) -> 0.18774983 | Q42: =MEDIAN(D42:H42) -> 2.05 | R42: =MAX(J42:O42) -> 4.24 | S42: =100*(R42-Q42)/Q42 -> 106.82927 | T42: 2.36 | U42: 2.53 | V42: 2.26 | W42: 2.17 | X42: 2.68 | Y42: 1.3 | Z42: 4.05 | AA42: 4.25 | AB42: 3.74 | AC42: 3.01 | AD42: 2.3 | AE42: 2.91 | AI42: 2.05 | AJ42: 2.51 | AK42: 2.99 | AL42: 2.82 | AM42: 3.58 | AN42: 1.19 | AO42: 4.17 | AP42: 3.73 | AQ42: 3.73 | AR42: 3.2 | AS42: 2.68 | AT42: 2.87 | AX42: 2.26 | AY42: 2.26 | AZ42: 2.89 | BA42: 2.92 | BB42: 2.86 | BC42: 1.18 | BD42: 3.73 | BE42: 4.03 | BF42: 3.74 | BG42: 2.97 | BH42: 3.08 | BI42: 3.66
B43: Healthy | C43: HP-29 | D43: 1.73 | E43: 1.63 | F43: 1.97 | G43: 1.89 | I43: 2.21 | J43: 3.73 | K43: 2.45 | L43: 2.3 | M43: 2.3 | N43: 2.76 | O43: 2.73 | P43: =IFERROR(STDEVA(D43:H43),#N/A) -> 0.15351439 | Q43: =MEDIAN(D43:H43) -> 1.81 | R43: =MAX(J43:O43) -> 3.73 | S43: =100*(R43-Q43)/Q43 -> 106.07735
B44: Healthy | C44: HP-32 | D44: 2.17 | E44: 2.27 | F44: 2.1 | G44: 2.12 | H44: 2.63 | I44: 1.78 | J44: 3.49 | K44: 2.21 | L44: 1.99 | M44: 2.57 | N44: 2.48 | O44: 2.75 | P44: =IFERROR(STDEVA(D44:H44),#N/A) -> 0.21810548 | Q44: =MEDIAN(D44:H44) -> 2.17 | R44: =MAX(J44:O44) -> 3.49 | S44: =100*(R44-Q44)/Q44 -> 60.829493
B45: Healthy | C45: HP-35 | D45: 1.99 | E45: 2.59 | F45: 2.53 | G45: 2.53 | H45: 2.04 | I45: 2.16 | J45: 5.59 | K45: 3.82 | L45: 2.81 | M45: 3.08 | N45: 3.05 | O45: 2.91 | P45: =IFERROR(STDEVA(D45:H45),#N/A) -> 0.29458445 | Q45: =MEDIAN(D45:H45) -> 2.53 | R45: =MAX(J45:O45) -> 5.59 | S45: =100*(R45-Q45)/Q45 -> 120.94862 | T45: 2.26 | U45: 2.44 | V45: 2.07 | W45: 1.99 | X45: 2.04 | Y45: 1.2 | Z45: 5.81 | AA45: 3.62 | AB45: 2.62 | AC45: 2.41 | AD45: 2.13 | AE45: 2.26 | AI45: 2.86 | AJ45: 2.93 | AK45: 2.84 | AL45: 2.72 | AM45: 2.97 | AN45: 2.13 | AO45: 5.65 | AP45: 5.21 | AQ45: 4.74 | AR45: 4.41 | AS45: 3.87 | AT45: 4.31 | AX45: 2.63 | AY45: 3.09 | AZ45: 3.04 | BA45: 2.91 | BB45: 2.97 | BC45: 2.07 | BD45: 5.31 | BE45: 4.31 | BF45: 3.73 | BG45: 3.61 | BH45: 3.36 | BI45: 3.19
B46: Healthy | C46: HP-41 | D46: 1.6 | E46: 2.17 | F46: 2.36 | G46: 2.13 | H46: 2.56 | I46: 2.73 | J46: 1.73 | K46: 3.88 | L46: 3.11 | M46: 2.91 | N46: 3.39 | O46: 2.48 | P46: =IFERROR(STDEVA(D46:H46),#N/A) -> 0.35865025 | Q46: =MEDIAN(D46:H46) -> 2.17 | R46: =MAX(J46:O46) -> 3.88 | S46: =100*(R46-Q46)/Q46 -> 78.801843
B47: Healthy | C47: HP-44 | D47: 2.3 | E47: 2.4 | F47: 2.32 | G47: 2.32 | H47: 2.35 | I47: 1.6 | J47: 3.84 | K47: 2.37 | L47: 2.36 | M47: 1.7 | N47: 2.21 | O47: 2.18 | P47: =IFERROR(STDEVA(D47:H47),#N/A) -> 0.038987177 | Q47: =MEDIAN(D47:H47) -> 2.32 | R47: =MAX(J47:O47) -> 3.84 | S47: =100*(R47-Q47)/Q47 -> 65.517241
B48: Healthy | C48: HP-45 | D48: 3.17 | E48: 3.24 | F48: 3.56 | G48: 3.52 | H48: 2.99 | I48: 1.75 | J48: 5.36 | K48: 4.72 | L48: 4.23 | M48: 3.92 | N48: 3.82 | O48: 3.77 | P48: =IFERROR(STDEVA(D48:H48),#N/A) -> 0.24110164 | Q48: =MEDIAN(D48:H48) -> 3.24 | R48: =MAX(J48:O48) -> 5.36 | S48: =100*(R48-Q48)/Q48 -> 65.432099
B49: Healthy | C49: HP-49 | D49: 2.09 | E49: 2.4 | F49: 3.14 | G49: 3.18 | H49: 2.78 | I49: 1.63 | J49: 4.41 | K49: 3.56 | L49: 3.66 | M49: 3.17 | N49: 3.2 | O49: 3.22 | P49: =IFERROR(STDEVA(D49:H49),#N/A) -> 0.4719322 | Q49: =MEDIAN(D49:H49) -> 2.78 | R49: =MAX(J49:O49) -> 4.41 | S49: =100*(R49-Q49)/Q49 -> 58.633094
B50: Healthy | C50: HP-56 | D50: 2.09 | E50: 1.99 | F50: 2.77 | G50: 3.37 | H50: 2.96 | I50: 1.26 | J50: 5.55 | K50: 4.74 | L50: 4.03 | M50: 3.12 | N50: 3.11 | O50: 2.69 | P50: =IFERROR(STDEVA(D50:H50),#N/A) -> 0.58675378 | Q50: =MEDIAN(D50:H50) -> 2.77 | R50: =MAX(J50:O50) -> 5.55 | S50: =100*(R50-Q50)/Q50 -> 100.36101 | T50: 2.8 | U50: 2.25 | V50: 2.95 | W50: 2.78 | X50: 3.12 | Y50: 1.65 | Z50: 5.75 | AA50: 4.55 | AB50: 3.88 | AC50: 3.8 | AD50: 3.6 | AE50: 3.36 | AI50: 2.18 | AJ50: 2.47 | AK50: 2.41 | AL50: 2.82 | AM50: 3.05 | AN50: 1.61 | AO50: 5.44 | AP50: 4.5 | AQ50: 3.88 | AR50: 3.42 | AS50: 3.2 | AT50: 2.57 | AX50: 1.91 | AY50: 2.11 | AZ50: 2.6 | BA50: 2.3 | BB50: 2.61 | BC50: 1.81 | BD50: 5.62 | BE50: 3.7 | BF50: 3.38 | BG50: 2.77 | BH50: 3.02 | BI50: 3.34
P51: Mean of median | Q51: =AVERAGE(Q40:Q50) -> 2.2845455 | R51: =AVERAGE(R42:R50) -> 4.4544444 | S51: =AVERAGE(S40:S50) -> 86.042319
P52: SD | Q52: =STDEVA(Q40:Q50) -> 0.55588423 | R52: =STDEVA(R42:R50) -> 0.83067911 | S52: =STDEVA(S40:S50) -> 31.177821
P53: COV | Q53: =Q52/Q51 -> 0.24332378 | R53: =R52/R51 -> 0.18648321 | S53: =S52/S51 -> 0.36235449
O54: Number of scans per subject | P54: 5 | Q54: <-insert correct numbers before the analysis | AE54: Number of scans per subject | AF54: 5 | AG54: <-insert correct numbers before the analysis | AT54: Number of scans per subject | AU54: 5 | AV54: <-insert correct numbers before the analysis | BI54: Number of scans per subject | BJ54: 5 | BK54: <-insert correct numbers before the analysis
O55: Number of subjects | P55: 11 | Q55: <-insert correct numbers before the analysis | AE55: Number of subjects | AF55: 10 | AG55: <-insert correct numbers before the analysis | AT55: Number of subjects | AU55: 10 | AV55: <-insert correct numbers before the analysis | BI55: Number of subjects | BJ55: 10 | BK55: <-insert correct numbers before the analysis
O56: Within SD | P56: =SQRT(AVERAGE(P40:P53)) -> 0.50822265 | AE56: Within SD | AF56: =SQRT(AVERAGE(AF44:AF53)) -> #DIV/0! | AT56: Within SD | AU56: =SQRT(AVERAGE(AU44:AU53)) -> #DIV/0! | BI56: Within SD | BJ56: =SQRT(AVERAGE(BJ44:BJ53)) -> #DIV/0!
O57: CR | P57: =2.77*P56 -> 1.4077767 | AE57: CR | AF57: =2.77*AF56 -> #DIV/0! | AT57: CR | AU57: =2.77*AU56 -> #DIV/0! | BI57: CR | BJ57: =2.77*BJ56 -> #DIV/0!
O58: CI_A | P58: =P57-(1.96*(P56/(SQRT(2*P55*(P54-1))))) -> 1.3015904 | AE58: CI_A | AF58: =AF57-(1.96*(AF56/(SQRT(2*AF55*(AF54-1))))) -> #DIV/0! | AT58: CI_A | AU58: =AU57-(1.96*(AU56/(SQRT(2*AU55*(AU54-1))))) -> #DIV/0! | BI58: CI_A | BJ58: =BJ57-(1.96*(BJ56/(SQRT(2*BJ55*(BJ54-1))))) -> #DIV/0!
O59: CI_B | P59: =P57+(1.96*(P56/(SQRT(2*P55*(P54-1))))) -> 1.5139631 | AE59: CI_B | AF59: =AF57+(1.96*(AF56/(SQRT(2*AF55*(AF54-1))))) -> #DIV/0! | AT59: CI_B | AU59: =AU57+(1.96*(AU56/(SQRT(2*AU55*(AU54-1))))) -> #DIV/0! | BI59: CI_B | BJ59: =BJ57+(1.96*(BJ56/(SQRT(2*BJ55*(BJ54-1))))) -> #DIV/0!
A61: 50-59 | B61: Healthy | C61: HP-13 | D61: 1.94 | E61: 1.86 | F61: 2.39 | G61: 2.26 | H61: 3.39 | I61: 1.14 | J61: 4.1 | K61: 4.25 | L61: 3.72 | M61: 3.23 | P61: =IFERROR(STDEVA(D61:H61),#N/A) -> 0.61193954 | Q61: =MEDIAN(D61:H61) -> 2.26 | R61: =MAX(J61:O61) -> 4.25 | S61: =100*(R61-Q61)/Q61 -> 88.053097
B62: Healthy | C62: HP-14 | D62: 1.61 | E62: 2.22 | F62: 1.62 | G62: 1.2 | H62: 1.32 | I62: 1.06 | J62: 3.53 | K62: 3.75 | L62: 4.07 | M62: 4.12 | P62: =IFERROR(STDEVA(D62:H62),#N/A) -> 0.39468975 | Q62: =MEDIAN(D62:H62) -> 1.61 | R62: =MAX(J62:O62) -> 4.12 | S62: =100*(R62-Q62)/Q62 -> 155.90062
B63: Healthy | C63: HP-16 | D63: 1.88 | E63: 1.87 | F63: 1.99 | G63: 2.06 | H63: 2.1 | I63: 0.79 | J63: 3.04 | K63: 2.55 | L63: 2.27 | M63: 1.97 | P63: =IFERROR(STDEVA(D63:H63),#N/A) -> 0.10368221 | Q63: =MEDIAN(D63:H63) -> 1.99 | R63: =MAX(J63:O63) -> 3.04 | S63: =100*(R63-Q63)/Q63 -> 52.763819
B64: Healthy | C64: HP-26 | D64: 4.25 | E64: 3.99 | F64: 3.74 | G64: 3.49 | H64: 2.24 | I64: 6 | J64: 4.56 | K64: 3.65 | L64: 3.4 | M64: 3.07 | N64: 3.5 | P64: =IFERROR(STDEVA(D64:H64),#N/A) -> 0.78087771 | Q64: =MEDIAN(D64:H64) -> 3.74 | R64: =MAX(J64:O64) -> 4.56 | S64: =100*(R64-Q64)/Q64 -> 21.925134
B65: Healthy | C65: HP-28 | D65: 1.84 | E65: 1.79 | F65: 1.79 | G65: 1.65 | H65: 1.83 | I65: 1.99 | J65: 1.12 | K65: 2.88 | L65: 1.98 | M65: 1.77 | N65: 1.52 | O65: 0.92 | P65: =IFERROR(STDEVA(D65:H65),#N/A) -> 0.076157731 | Q65: =MEDIAN(D65:H65) -> 1.79 | R65: =MAX(J65:O65) -> 2.88 | S65: =100*(R65-Q65)/Q65 -> 60.893855 | T65: 2.38 | U65: 1.81 | V65: 1.98 | W65: 2.22 | X65: 1.7 | Y65: 2.11 | Z65: 3.48 | AA65: 3.41 | AB65: 3.16 | AC65: 2.64 | AD65: 2.77 | AE65: 2.89 | AI65: 2.51 | AJ65: 1.83 | AK65: 2.11 | AL65: 2.91 | AM65: 2.71 | AN65: 1.54 | AO65: 4.26 | AP65: 4.23 | AQ65: 3.32 | AR65: 2.91 | AS65: 3.1 | AT65: 2.7 | AX65: 2.87 | AY65: 2.79 | AZ65: 2.96 | BA65: 3.68 | BB65: 3.06 | BC65: 2.64 | BD65: 4.44 | BE65: 4.73 | BF65: 4.29 | BG65: 4.11 | BH65: 3.67 | BI65: 3.55
B66: Healthy | C66: HP-31 | D66: 2.26 | E66: 2.3 | F66: 1.96 | G66: 2.35 | H66: 2.26 | I66: 1.55 | J66: 4.07 | K66: 2.49 | L66: 1.95 | M66: 2.44 | N66: 2.48 | O66: 2.22 | P66: =IFERROR(STDEVA(D66:H66),#N/A) -> 0.15323185 | Q66: =MEDIAN(D66:H66) -> 2.26 | R66: =MAX(J66:O66) -> 4.07 | S66: =100*(R66-Q66)/Q66 -> 80.088496
B67: Healthy | C67: HP-36 | D67: 2.71 | E67: 2.16 | F67: 2.31 | G67: 2.3 | H67: 2.61 | I67: 2.37 | J67: 4.51 | K67: 3.22 | L67: 2.62 | M67: 2.88 | N67: 2.95 | O67: 2.99 | P67: =IFERROR(STDEVA(D67:H67),#N/A) -> 0.23145194 | Q67: =MEDIAN(D67:H67) -> 2.31 | R67: =MAX(J67:O67) -> 4.51 | S67: =100*(R67-Q67)/Q67 -> 95.238095
B68: Healthy | C68: HP-37 | D68: 1.67 | E68: 1.74 | F68: 2.49 | G68: 3.1 | H68: 2.2 | I68: 2.38 | J68: 5.06 | K68: 3.62 | L68: 2.68 | M68: 2.51 | N68: 2.5 | O68: 2.52 | P68: =IFERROR(STDEVA(D68:H68),#N/A) -> 0.58706899 | Q68: =MEDIAN(D68:H68) -> 2.2 | R68: =MAX(J68:O68) -> 5.06 | S68: =100*(R68-Q68)/Q68 -> 130 | T68: 2.41 | U68: 2.7 | V68: 2.56 | W68: 2.68 | X68: 2.56 | Y68: 2.62 | Z68: 5.57 | AA68: 3.64 | AB68: 3.67 | AC68: 3.35 | AD68: 3.13 | AE68: 3.45 | AI68: 2.94 | AJ68: 2.83 | AK68: 3.14 | AL68: 3.15 | AM68: 3.22 | AN68: 2.36 | AO68: 4.54 | AP68: 3.71 | AQ68: 3.45 | AR68: 3.37 | AS68: 3.43 | AT68: 3.24 | AX68: 3.43 | AY68: 3.24 | AZ68: 1.9 | BA68: 2.36 | BB68: 2.33 | BC68: 2.46 | BD68: 3.97 | BE68: 3.52 | BF68: 2.72 | BG68: 2.42 | BH68: 2.32 | BI68: 2.71
B69: Healthy | C69: HP-39 | D69: 2.82 | E69: 3.22 | F69: 3.22 | G69: 3.44 | H69: 3.56 | I69: 1.66 | J69: 5.1 | K69: 4.75 | L69: 4.28 | M69: 3.83 | N69: 3.35 | O69: 3.05 | P69: =IFERROR(STDEVA(D69:H69),#N/A) -> 0.2823473 | Q69: =MEDIAN(D69:H69) -> 3.22 | R69: =MAX(J69:O69) -> 5.1 | S69: =100*(R69-Q69)/Q69 -> 58.385093 | T69: 2.72 | U69: 2.68 | V69: 2.97 | W69: 2.89 | X69: 2.66 | Y69: 1.6 | Z69: 5.37 | AA69: 4.72 | AB69: 4.23 | AC69: 3.15 | AD69: 3.05 | AE69: 2.76
B70: Healthy | C70: HP-40 | E70: 2.68 | F70: 2.53 | G70: 2.31 | H70: 2.09 | I70: 2.3 | J70: 3.55 | K70: 2.61 | L70: 2.86 | M70: 2.59 | N70: 2.74 | O70: 2.73 | P70: =IFERROR(STDEVA(D70:H70),#N/A) -> 0.25785978 | Q70: =MEDIAN(D70:H70) -> 2.42 | R70: =MAX(J70:O70) -> 3.55 | S70: =100*(R70-Q70)/Q70 -> 46.694215 | T70: 2.34 | U70: 1.96 | V70: 2.01 | W70: 2.14 | X70: 2.11 | Y70: 2.69 | Z70: 3.14 | AA70: 3.43 | AB70: 2.9 | AC70: 2.6 | AD70: 2.78 | AE70: 2.68 | AI70: 2.74 | AJ70: 2.88 | AK70: 3.44 | AL70: 3.24 | AM70: 3.95 | AN70: 2.46 | AO70: 5.63 | AP70: 3.4 | AQ70: 3.15 | AR70: 2.99 | AS70: 2.78 | AT70: 2.59 | AX70: 2.37 | AY70: 2.73 | AZ70: 2.78 | BA70: 2.71 | BB70: 2.62 | BC70: 2.61 | BD70: 5.07 | BE70: 3.77 | BF70: 3.26 | BG70: 3.11 | BH70: 3.14 | BI70: 3.01
B71: Healthy | P71: Mean of median | Q71: =AVERAGE(Q61:Q70) -> 2.38 | R71: =AVERAGE(R62:R70) -> 4.0988889 | S71: =AVERAGE(S61:S70) -> 78.994242
P72: SD | Q72: =STDEVA(Q61:Q70) -> 0.64256431 | R72: =STDEVA(R62:R70) -> 0.80754945 | S72: =STDEVA(S61:S70) -> 40.282161
P73: COV | Q73: =Q72/Q71 -> 0.269985 | R73: =R72/R71 -> 0.19701667 | S73: =S72/S71 -> 0.50993794
O74: Number of scans per subject | P74: 5 | Q74: <-insert correct numbers before the analysis | AE74: Number of scans per subject | AF74: 5 | AG74: <-insert correct numbers before the analysis | AT74: Number of scans per subject | AU74: 5 | AV74: <-insert correct numbers before the analysis | BI74: Number of scans per subject | BJ74: 5 | BK74: <-insert correct numbers before the analysis
O75: Number of subjects | P75: 10 | Q75: <-insert correct numbers before the analysis | AE75: Number of subjects | AF75: 10 | AG75: <-insert correct numbers before the analysis | AT75: Number of subjects | AU75: 10 | AV75: <-insert correct numbers before the analysis | BI75: Number of subjects | BJ75: 10 | BK75: <-insert correct numbers before the analysis
O76: Within SD | P76: =SQRT(AVERAGE(P61:P70)) -> 0.58985649 | AE76: Within SD | AF76: =SQRT(AVERAGE(AF61:AF72)) -> #DIV/0! | AT76: Within SD | AU76: =SQRT(AVERAGE(AU61:AU72)) -> #DIV/0! | BI76: Within SD | BJ76: =SQRT(AVERAGE(BJ61:BJ72)) -> #DIV/0!
O77: CR | P77: =2.77*P76 -> 1.6339025 | AE77: CR | AF77: =2.77*AF76 -> #DIV/0! | AT77: CR | AU77: =2.77*AU76 -> #DIV/0! | BI77: CR | BJ77: =2.77*BJ76 -> #DIV/0!
O78: CI_A | P78: =P77-(1.96*(P76/(SQRT(2*P75*(P74-1))))) -> 1.5046445 | AE78: CI_A | AF78: =AF77-(1.96*(AF76/(SQRT(2*AF75*(AF74-1))))) -> #DIV/0! | AT78: CI_A | AU78: =AU77-(1.96*(AU76/(SQRT(2*AU75*(AU74-1))))) -> #DIV/0! | BI78: CI_A | BJ78: =BJ77-(1.96*(BJ76/(SQRT(2*BJ75*(BJ74-1))))) -> #DIV/0!
O79: CI_B | P79: =P77+(1.96*(P76/(SQRT(2*P75*(P74-1))))) -> 1.7631605 | AE79: CI_B | AF79: =AF77+(1.96*(AF76/(SQRT(2*AF75*(AF74-1))))) -> #DIV/0! | AT79: CI_B | AU79: =AU77+(1.96*(AU76/(SQRT(2*AU75*(AU74-1))))) -> #DIV/0! | BI79: CI_B | BJ79: =BJ77+(1.96*(BJ76/(SQRT(2*BJ75*(BJ74-1))))) -> #DIV/0!
A81: 60-74 | B81: Healthy | C81: HP-17 | D81: 2.18 | E81: 2.4 | F81: 2.9 | G81: 2.67 | H81: 2.94 | I81: 0.86 | J81: 3.02 | K81: 3.33 | L81: 2.83 | M81: 2.51 | P81: =IFERROR(STDEVA(D81:H81),#N/A) -> 0.32606748 | Q81: =MEDIAN(D81:H81) -> 2.67 | R81: =MAX(J81:O81) -> 3.33 | S81: =100*(R81-Q81)/Q81 -> 24.719101
B82: Healthy | C82: HP-27 | D82: 1.9 | E82: 1.63 | F82: 2.41 | G82: 2.18 | H82: 2.45 | I82: 2.08 | J82: 2.21 | K82: 2.19 | L82: 2.22 | M82: 2.37 | N82: 2.11 | O82: 2.31 | P82: =IFERROR(STDEVA(D82:H82),#N/A) -> 0.34818099 | Q82: =MEDIAN(D82:H82) -> 2.18 | R82: =MAX(J82:O82) -> 2.37 | S82: =100*(R82-Q82)/Q82 -> 8.7155963
B83: Healthy | C83: HP-34 | D83: 2.02 | E83: 2 | F83: 1.99 | G83: 2.02 | H83: 1.45 | I83: 1.94 | J83: 3.48 | K83: 2.99 | L83: 2.8 | M83: 2.77 | N83: 2.63 | O83: 2.69 | P83: =IFERROR(STDEVA(D83:H83),#N/A) -> 0.24965977 | Q83: =MEDIAN(D83:H83) -> 2 | R83: =MAX(J83:O83) -> 3.48 | S83: =100*(R83-Q83)/Q83 -> 74 | T83: 1.67 | U83: 1.72 | V83: 1.85 | W83: 1.5 | X83: 1.98 | Y83: 1.64 | Z83: 2.16 | AA83: 3.38 | AB83: 2.09 | AC83: 1.85 | AD83: 1.52 | AE83: 2.08 | AI83: 2.86 | AJ83: 2.69 | AK83: 2.68 | AL83: 2.66 | AM83: 2.73 | AN83: 1.82 | AO83: 4.31 | AP83: 3.41 | AQ83: 3.09 | AR83: 2.78 | AS83: 2.84 | AT83: 2.85 | AX83: 1.96 | AY83: 1.89 | AZ83: 2.7 | BA83: 2.21 | BB83: 2.15 | BC83: 1.7 | BD83: 3.2 | BE83: 3.64 | BF83: 2.71 | BG83: 2.74 | BH83: 2.76 | BI83: 3.07
B84: Healthy | C84: HP-46 | D84: 1.72 | E84: 2.22 | F84: 2.31 | G84: 2.15 | H84: 2.23 | I84: 2.29 | J84: 5.23 | K84: 4.4 | L84: 4.3 | M84: 3.93 | N84: 3.72 | O84: 3.32 | P84: =IFERROR(STDEVA(D84:H84),#N/A) -> 0.23394444 | Q84: =MEDIAN(D84:H84) -> 2.22 | R84: =MAX(J84:O84) -> 5.23 | S84: =100*(R84-Q84)/Q84 -> 135.58559
B85: Healthy | C85: HP-53 | D85: 1.59 | E85: 2.77 | F85: 3 | G85: 3.03 | H85: 2.96 | I85: 1.92 | J85: 4.78 | K85: 3.93 | L85: 3.75 | M85: 3.48 | N85: 3.36 | O85: 3.53 | P85: =IFERROR(STDEVA(D85:H85),#N/A) -> 0.61216828 | Q85: =MEDIAN(D85:H85) -> 2.96 | R85: =MAX(J85:O85) -> 4.78 | S85: =100*(R85-Q85)/Q85 -> 61.486486
B86: Healthy | C86: HP-54 | D86: 1.93 | E86: 2.24 | F86: 2.29 | G86: 2.35 | H86: 2.28 | I86: 1.64 | J86: 2.84 | K86: 3.28 | L86: 2.42 | M86: 2.59 | N86: 2.27 | O86: 2.71 | P86: =IFERROR(STDEVA(D86:H86),#N/A) -> 0.16574076 | Q86: =MEDIAN(D86:H86) -> 2.28 | R86: =MAX(J86:O86) -> 3.28 | S86: =100*(R86-Q86)/Q86 -> 43.859649
B87: Healthy | C87: HP-55 | D87: 1.46 | E87: 2.48 | F87: 2.32 | G87: 2.41 | H87: 2.55 | I87: 2.29 | J87: 2.2 | K87: 4.35 | L87: 4.42 | M87: 3.06 | N87: 2.52 | O87: 2.29 | P87: =IFERROR(STDEVA(D87:H87),#N/A) -> 0.44646388 | Q87: =MEDIAN(D87:H87) -> 2.41 | R87: =MAX(J87:O87) -> 4.42 | S87: =100*(R87-Q87)/Q87 -> 83.40249
B88: Healthy | C88: HP-57 | D88: 2.81 | E88: 3 | F88: 2.85 | G88: 2.86 | H88: 2.79 | I88: 1.95 | J88: 4.62 | K88: 4.41 | L88: 4 | M88: 3.46 | N88: 3.26 | O88: 3.08 | P88: =IFERROR(STDEVA(D88:H88),#N/A) -> 0.08228001 | Q88: =MEDIAN(D88:H88) -> 2.85 | R88: =MAX(J88:O88) -> 4.62 | S88: =100*(R88-Q88)/Q88 -> 62.105263
B89: Healthy | C89: HP-23 | D89: 1.52 | E89: 1.22 | F89: 1.48 | G89: 1.4 | H89: 1.5 | I89: 1.82 | J89: 2.23 | K89: 2.42 | L89: 2.3 | M89: 2.33 | N89: 2.36 | O89: 2.41 | P89: =IFERROR(STDEVA(D89:H89),#N/A) -> 0.12280065 | Q89: =MEDIAN(D89:H89) -> 1.48 | R89: =MAX(J89:O89) -> 2.42 | S89: =100*(R89-Q89)/Q89 -> 63.513514
B90: Healthy | C90: HP-47 | D90: 4.94 | E90: 5.42 | F90: 4.85 | G90: 5.03 | H90: 4.92 | I90: 2.49 | J90: 2.89 | K90: 5.18 | L90: 4.1 | M90: 3.55 | N90: 3.24 | O90: 3.12 | P90: =IFERROR(STDEVA(D90:H90),#N/A) -> 0.22620787 | Q90: =MEDIAN(D90:H90) -> 4.94 | R90: =MAX(J90:O90) -> 5.18 | S90: =100*(R90-Q90)/Q90 -> 4.8582996
B91: Healthy | C91: HP-51 | D91: 1.79 | E91: 1.53 | F91: 2.14 | G91: 2.48 | H91: 2.11 | I91: 2.06 | J91: 3.95 | K91: 2.5 | L91: 2.22 | M91: 2.29 | N91: 2.17 | O91: 2.15 | P91: =IFERROR(STDEVA(D91:H91),#N/A) -> 0.36283605 | Q91: =MEDIAN(D91:H91) -> 2.11 | R91: =MAX(J91:O91) -> 3.95 | S91: =100*(R91-Q91)/Q91 -> 87.203791
B92: Healthy | C92: HP-60 | D92: 3.01 | E92: 2.78 | F92: 3.31 | G92: 3.55 | H92: 2.64 | I92: 1.84 | J92: 3.35 | K92: 5.47 | L92: 4.85 | M92: 3.69 | N92: 3.35 | O92: 3.49 | P92: =IFERROR(STDEVA(D92:H92),#N/A) -> 0.37412565 | Q92: =MEDIAN(D92:H92) -> 3.01 | R92: =MAX(J92:O92) -> 5.47 | S92: =100*(R92-Q92)/Q92 -> 81.727575 | T92: 3 | U92: 2.4 | V92: 1.89 | W92: 3.97 | X92: 3.78 | Y92: 3.49 | Z92: 2.67 | AA92: 4.03 | AB92: 4.07 | AC92: 4.21 | AD92: 4.08 | AE92: 3.46 | AI92: 2.74 | AJ92: 3.11 | AK92: 4.03 | AL92: 3.85 | AM92: 3.65 | AN92: 2.29 | AO92: 5.28 | AP92: 4.23 | AQ92: 3.73 | AR92: 4.26 | AS92: 3.53 | AT92: 3.88 | AX92: 2.22 | AY92: 3.08 | AZ92: 3.41 | BA92: 2.93 | BB92: 3.14 | BC92: 2.41 | BD92: 3.92 | BE92: 3.36 | BF92: 3.25 | BG92: 2.95 | BH92: 3.07 | BI92: 2.62
B93: Healthy | C93: HP-48 | D93: 1.89 | E93: 2.19 | F93: 2.64 | G93: 2.73 | H93: 2.11 | I93: 1.68 | J93: 4.95 | K93: 5.15 | L93: 4.94 | M93: 4.49 | N93: 3.99 | O93: 3.12 | P93: =IFERROR(STDEVA(D93:H93),#N/A) -> 0.35919354 | Q93: =MEDIAN(D93:H93) -> 2.19 | R93: =MAX(J93:O93) -> 5.15 | S93: =100*(R93-Q93)/Q93 -> 135.15982 | T93: 2.59 | U93: 2.68 | V93: 2.77 | W93: 2.95 | X93: 2.87 | Y93: 1.57 | Z93: 5.08 | AA93: 2.87 | AB93: 2.58 | AC93: 2.38 | AD93: 2.16 | AE93: 2.51 | AT93: Number of scans per subject | AU93: 5 | AV93: <-insert correct numbers before the analysis | BI93: Number of scans per subject | BJ93: 5 | BK93: <-insert correct numbers before the analysis
P94: Mean of median | Q94: =AVERAGE(Q81:Q93) -> 2.5615385 | R94: =AVERAGE(R85:R93) -> 4.3633333 | S94: =AVERAGE(S81:S93) -> 66.641321
P95: SD | Q95: =STDEVA(Q81:Q93) -> 0.83183378 | R95: =STDEVA(R85:R93) -> 0.99210635 | S95: =STDEVA(S81:S93) -> 40.763068
P96: COV | Q96: =Q95/Q94 -> 0.32473991 | R96: =R95/R94 -> 0.22737349 | S96: =S95/S94 -> 0.61167858
O97: Number of scans per subject | P97: 5 | Q97: <-insert correct numbers before the analysis | AE97: Number of scans per subject | AF97: 5 | AG97: <-insert correct numbers before the analysis | AT97: Number of subjects | AU97: 10 | AV97: <-insert correct numbers before the analysis | BI97: Number of subjects | BJ97: 10 | BK97: <-insert correct numbers before the analysis
O98: Number of subjects | P98: 13 | Q98: <-insert correct numbers before the analysis | AE98: Number of subjects | AF98: 10 | AT98: Within SD | AU98: =SQRT(AVERAGE(AU81:AU92)) -> #DIV/0! | BI98: Within SD | BJ98: =SQRT(AVERAGE(BJ81:BJ92)) -> #DIV/0!
O99: Within SD | P99: =SQRT(AVERAGE(P81:P93)) -> 0.54840113 | AE99: Within SD | AF99: =SQRT(AVERAGE(AF81:AF92)) -> #DIV/0! | AT99: CR | AU99: =2.77*AU98 -> #DIV/0! | BI99: CR | BJ99: =2.77*BJ98 -> #DIV/0!
O100: CR | P100: =2.77*P99 -> 1.5190711 | AE100: CR | AF100: =2.77*AF99 -> #DIV/0! | AT100: CI_A | AU100: =AU99-(1.96*(AU98/(SQRT(2*AU97*(AU93-1))))) -> #DIV/0! | BI100: CI_A | BJ100: =BJ99-(1.96*(BJ98/(SQRT(2*BJ97*(BJ93-1))))) -> #DIV/0!
O101: CI_A | P101: =P100-(1.96*(P99/(SQRT(2*P98*(P97-1))))) -> 1.4136718 | AE101: CI_A | AF101: =AF100-(1.96*(AF99/(SQRT(2*AF98*(AF97-1))))) -> #DIV/0! | AT101: CI_B | AU101: =AU99+(1.96*(AU98/(SQRT(2*AU97*(AU93-1))))) -> #DIV/0! | BI101: CI_B | BJ101: =BJ99+(1.96*(BJ98/(SQRT(2*BJ97*(BJ93-1))))) -> #DIV/0!
O102: CI_B | P102: =P100+(1.96*(P99/(SQRT(2*P98*(P97-1))))) -> 1.6244704 | AE102: CI_B | AF102: =AF100+(1.96*(AF99/(SQRT(2*AF98*(AF97-1))))) -> #DIV/0! | AT102: CI_B | AU102: =AU100+(1.96*(AU99/(SQRT(2*AU98*(AU97-1))))) -> #DIV/0! | BI102: CI_B | BJ102: =BJ100+(1.96*(BJ99/(SQRT(2*BJ98*(BJ97-1))))) -> #DIV/0!
A104: 40-69
B106: Diabetic | C106: DP-04 | D106: 2.04 | E106: 1.65 | F106: 1.69 | G106: 1.63 | H106: 1.65 | I106: 2.77 | J106: 2.45 | K106: 2.46 | L106: 2.5 | M106: 3.53 | N106: 3.1 | O106: 2.99 | P106: =IFERROR(STDEVA(D106:H106),#N/A) -> 0.17355115 | Q106: =MEDIAN(D106:H106) -> 1.65 | R106: =MAX(J106:O106) -> 3.53 | S106: =100*(R106-Q106)/Q106 -> 113.93939 | T106: 2.3 | U106: 2.83 | V106: 2.31 | W106: 2.23 | X106: 2.28 | Y106: 1.67 | Z106: 3.74 | AA106: 3.43 | AB106: 3.13 | AC106: 2.76 | AD106: 2.38 | AE106: 2.31 | AI106: 1.36 | AJ106: 1.51 | AK106: 1.71 | AL106: 2.32 | AM106: 1.76 | AN106: 2.29 | AO106: 2.25 | AP106: 2.22 | AQ106: 2.21 | AR106: 2.04 | AS106: 2.03 | AT106: 1.76 | AX106: 2.03 | AY106: 1.81 | AZ106: 2.12 | BA106: 2.07 | BB106: 1.92 | BC106: 2.34 | BD106: 2.24 | BE106: 2.15 | BF106: 2.26 | BG106: 2.23 | BH106: 2.57 | BI106: 2.56
...

Sheet Mean diameter
D1: SESSION 1 | P1: Coefficient of repeatibility analysis from the baseline scans | T1: SESSION 2 | AF1: Coefficient of repeatibility analysis from the baseline scans | AI1: SESSION 3 | AU1: Coefficient of repeatibility analysis from the baseline scans | AX1: SESSION 4 | BJ1: Coefficient of repeatibility analysis from the baseline scans
D2: Baseline | I2: Ischemia | J2: PORH | Q2: Median value of 5 measures | R2: MAX PORH | S2: Absolute diff between PORH and Median | T2: Baseline | Y2: Ischemia | Z2: PORH | AI2: Baseline | AN2: Ischemia | AO2: PORH | AX2: Baseline | BC2: Ischemia | BD2: PORH
A3: Age group | B3: Health/disease | C3: Participant ID | D3: Scan 1 | E3: Scan 2 | F3: Scan 3 | G3: Scan 4 | H3: Scan 5 | I3: Scan 6 | J3: Scan 7 | K3: Scan 8 | L3: Scan 9 | M3: Scan 10 | N3: Scan 11 | O3: Scan 12 | P3: Variance of (SD) | T3: Scan 1 | U3: Scan 2 | V3: Scan 3 | W3: Scan 4 | X3: Scan 5 | Y3: Scan 6 | Z3: Scan 7 | AA3: Scan 8 | AB3: Scan 9 | AC3: Scan 10 | AD3: Scan 11 | AE3: Scan 12 | AF3: Variance of (SD) | AI3: Scan 1 | AJ3: Scan 2 | AK3: Scan 3 | AL3: Scan 4 | AM3: Scan 5 | AN3: Scan 6 | AO3: Scan 7 | AP3: Scan 8 | AQ3: Scan 9 | AR3: Scan 10 | AS3: Scan 11 | AT3: Scan 12 | AU3: Variance of (SD) | AX3: Scan 1 | AY3: Scan 2 | AZ3: Scan 3 | BA3: Scan 4 | BB3: Scan 5 | BC3: Scan 6 | BD3: Scan 7 | BE3: Scan 8 | BF3: Scan 9 | BG3: Scan 10 | BH3: Scan 11 | BI3: Scan 12 | BJ3: Variance of (SD)
B4: Healthy | C4: HP-03 | D4: 62 | E4: 63 | F4: 65 | G4: 61 | H4: 62 | I4: 60 | J4: 68 | K4: 70 | L4: 70 | M4: 66 | P4: =IFERROR(STDEVA(D4:H4),#N/A) -> 1.5165751 | Q4: =MEDIAN(D4:H4) -> 62 | R4: =MAX(J4:O4) -> 70 | S4: =100*(R4-Q4)/Q4 -> 12.903226 | AF4: =IFERROR(STDEVA(T4:X4),#N/A) -> #N/A | AU4: =IFERROR(STDEVA(AI4:AM4),#N/A) -> #N/A | BJ4: =IFERROR(STDEVA(AX4:BB4),#N/A) -> #N/A
B5: Healthy | C5: HP-05 | D5: 63 | E5: 66 | F5: 70 | G5: 69 | H5: 68 | I5: 50 | J5: 71 | K5: 73 | L5: 69 | M5: 68 | P5: =IFERROR(STDEVA(D5:H5),#N/A) -> 2.7748874 | Q5: =MEDIAN(D5:H5) -> 68 | R5: =MAX(J5:O5) -> 73 | S5: =100*(R5-Q5)/Q5 -> 7.3529412 | AF5: =IFERROR(STDEVA(T5:X5),#N/A) -> #N/A | AU5: =IFERROR(STDEVA(AI5:AM5),#N/A) -> #N/A | BJ5: =IFERROR(STDEVA(AX5:BB5),#N/A) -> #N/A
B6: Healthy | C6: HP-06 | D6: 69 | E6: 70 | F6: 70 | G6: 70 | H6: 72 | I6: 56 | J6: 70 | K6: 73 | L6: 71 | M6: 71 | P6: =IFERROR(STDEVA(D6:H6),#N/A) -> 1.0954451 | Q6: =MEDIAN(D6:H6) -> 70 | R6: =MAX(J6:O6) -> 73 | S6: =100*(R6-Q6)/Q6 -> 4.2857143 | AF6: =IFERROR(STDEVA(T6:X6),#N/A) -> #N/A | AU6: =IFERROR(STDEVA(AI6:AM6),#N/A) -> #N/A | BJ6: =IFERROR(STDEVA(AX6:BB6),#N/A) -> #N/A
B7: Healthy | C7: HP-07 | D7: 65 | E7: 68 | F7: 66 | G7: 68 | H7: 67 | I7: 67 | J7: 73 | K7: 78 | L7: 75 | M7: 75 | P7: =IFERROR(STDEVA(D7:H7),#N/A) -> 1.3038405 | Q7: =MEDIAN(D7:H7) -> 67 | R7: =MAX(J7:O7) -> 78 | S7: =100*(R7-Q7)/Q7 -> 16.41791 | AF7: =IFERROR(STDEVA(T7:X7),#N/A) -> #N/A | AU7: =IFERROR(STDEVA(AI7:AM7),#N/A) -> #N/A | BJ7: =IFERROR(STDEVA(AX7:BB7),#N/A) -> #N/A
B8: Healthy | C8: HP-09 | D8: 59 | E8: 57 | F8: 60 | G8: 60 | H8: 58 | I8: 52 | J8: 72 | K8: 72 | L8: 72 | M8: 71 | P8: =IFERROR(STDEVA(D8:H8),#N/A) -> 1.3038405 | Q8: =MEDIAN(D8:H8) -> 59 | R8: =MAX(J8:O8) -> 72 | S8: =100*(R8-Q8)/Q8 -> 22.033898 | AF8: =IFERROR(STDEVA(T8:X8),#N/A) -> #N/A | AU8: =IFERROR(STDEVA(AI8:AM8),#N/A) -> #N/A | BJ8: =IFERROR(STDEVA(AX8:BB8),#N/A) -> #N/A
B9: Healthy | C9: HP-10 | D9: 63 | E9: 62 | F9: 61 | G9: 62 | H9: 58 | I9: 54 | J9: 70 | K9: 60 | L9: 57 | M9: 55 | P9: =IFERROR(STDEVA(D9:H9),#N/A) -> 1.9235384 | Q9: =MEDIAN(D9:H9) -> 62 | R9: =MAX(J9:O9) -> 70 | S9: =100*(R9-Q9)/Q9 -> 12.903226 | AF9: =IFERROR(STDEVA(T9:X9),#N/A) -> #N/A | AU9: =IFERROR(STDEVA(AI9:AM9),#N/A) -> #N/A | BJ9: =IFERROR(STDEVA(AX9:BB9),#N/A) -> #N/A
B10: Healthy | C10: HP-11 | D10: 55 | E10: 59 | F10: 65 | G10: 63 | H10: 61 | I10: 60 | J10: 69 | K10: 74 | L10: 72 | M10: 65 | P10: =IFERROR(STDEVA(D10:H10),#N/A) -> 3.8470768 | Q10: =MEDIAN(D10:H10) -> 61 | R10: =MAX(J10:O10) -> 74 | S10: =100*(R10-Q10)/Q10 -> 21.311475 | AF10: =IFERROR(STDEVA(T10:X10),#N/A) -> #N/A | AU10: =IFERROR(STDEVA(AI10:AM10),#N/A) -> #N/A | BJ10: =IFERROR(STDEVA(AX10:BB10),#N/A) -> #N/A
B11: Healthy | C11: HP-18 | D11: 64 | E11: 64 | F11: 71 | G11: 71 | H11: 72 | I11: 56 | J11: 70 | K11: 75 | L11: 75 | M11: 75 | P11: =IFERROR(STDEVA(D11:H11),#N/A) -> 4.0373258 | Q11: =MEDIAN(D11:H11) -> 71 | R11: =MAX(J11:O11) -> 75 | S11: =100*(R11-Q11)/Q11 -> 5.6338028 | AF11: =IFERROR(STDEVA(T11:X11),#N/A) -> #N/A | AU11: =IFERROR(STDEVA(AI11:AM11),#N/A) -> #N/A | BJ11: =IFERROR(STDEVA(AX11:BB11),#N/A) -> #N/A
B12: Healthy | C12: HP-24 | D12: 56 | E12: 54 | F12: 52 | G12: 52 | H12: 50 | I12: 45 | J12: 55 | K12: 59 | L12: 57 | M12: 57 | N12: 55 | O12: 51 | P12: =IFERROR(STDEVA(D12:H12),#N/A) -> 2.2803509 | Q12: =MEDIAN(D12:H12) -> 52 | R12: =MAX(J12:O12) -> 59 | S12: =100*(R12-Q12)/Q12 -> 13.461538 | AF12: =IFERROR(STDEVA(T12:X12),#N/A) -> #N/A | AU12: =IFERROR(STDEVA(AI12:AM12),#N/A) -> #N/A | BJ12: =IFERROR(STDEVA(AX12:BB12),#N/A) -> #N/A
P13: Mean of median | Q13: =AVERAGE(Q4:Q12) -> 63.555556 | R13: =AVERAGE(R4:R12) -> 71.555556 | S13: =AVERAGE(S4:S12) -> 12.922637 | AF13: =IFERROR(STDEVA(T13:X13),#N/A) -> #N/A | AU13: =IFERROR(STDEVA(AI13:AM13),#N/A) -> #N/A | BJ13: =IFERROR(STDEVA(AX13:BB13),#N/A) -> #N/A
P14: SD | Q14: =STDEVA(Q4:Q12) -> 6.0644685 | R14: =STDEVA(R4:R12) -> 5.3176854 | S14: =STDEVA(S4:S12) -> 6.3702516 | AF14: =IFERROR(STDEVA(T14:X14),#N/A) -> #N/A | AU14: =IFERROR(STDEVA(AI14:AM14),#N/A) -> #N/A | BJ14: =IFERROR(STDEVA(AX14:BB14),#N/A) -> #N/A
P15: COV | Q15: =Q14/Q13 -> 0.095419958 | R15: =R14/R13 -> 0.074315479 | S15: =S14/S13 -> 0.49295292 | AF15: =IFERROR(STDEVA(T15:X15),#N/A) -> #N/A | AU15: =IFERROR(STDEVA(AI15:AM15),#N/A) -> #N/A | BJ15: =IFERROR(STDEVA(AX15:BB15),#N/A) -> #N/A
O16: Number of scans per subject | P16: 5 | Q16: <-insert correct numbers before the analysis | AE16: Number of scans per subject | AF16: 5 | AG16: <-insert correct numbers before the analysis | AT16: Number of scans per subject | AU16: 5 | AV16: <-insert correct numbers before the analysis | BI16: Number of scans per subject | BJ16: 5 | BK16: <-insert correct numbers before the analysis
O17: Number of subjects | P17: 9 | Q17: <-insert correct numbers before the analysis | AE17: Number of subjects | AF17: 10 | AG17: <-insert correct numbers before the analysis | AT17: Number of subjects | AU17: 10 | AV17: <-insert correct numbers before the analysis | BI17: Number of subjects | BJ17: 10 | BK17: <-insert correct numbers before the analysis
O18: Within SD | P18: =SQRT(AVERAGE(P4:P15)) -> 1.4937976 | AE18: Within SD | AF18: =SQRT(AVERAGE(AF4:AF15)) -> #N/A | AT18: Within SD | AU18: =SQRT(AVERAGE(AU4:AU15)) -> #N/A | BI18: Within SD | BJ18: =SQRT(AVERAGE(BJ4:BJ15)) -> #N/A
O19: CR | P19: =2.77*P18 -> 4.1378193 | AE19: CR | AF19: =2.77*AF18 -> #N/A | AT19: CR | AU19: =2.77*AU18 -> #N/A | BI19: CR | BJ19: =2.77*BJ18 -> #N/A
O20: CI_A | P20: =P19-(1.96*(P18/(SQRT(2*P17*(P16-1))))) -> 3.7927696 | AE20: CI_A | AF20: =AF19-(1.96*(AF18/(SQRT(2*AF17*(AF16-1))))) -> #N/A | AT20: CI_A | AU20: =AU19-(1.96*(AU18/(SQRT(2*AU17*(AU16-1))))) -> #N/A | BI20: CI_A | BJ20: =BJ19-(1.96*(BJ18/(SQRT(2*BJ17*(BJ16-1))))) -> #N/A
O21: CI_B | P21: =P19+(1.96*(P18/(SQRT(2*P17*(P16-1))))) -> 4.4828689 | AE21: CI_B | AF21: =AF19+(1.96*(AF18/(SQRT(2*AF17*(AF16-1))))) -> #N/A | AT21: CI_B | AU21: =AU19+(1.96*(AU18/(SQRT(2*AU17*(AU16-1))))) -> #N/A | BI21: CI_B | BJ21: =BJ19+(1.96*(BJ18/(SQRT(2*BJ17*(BJ16-1))))) -> #N/A
A23: 30-39 | B23: Healthy | C23: HP-04 | D23: 66 | E23: 64 | F23: 68 | G23: 68 | H23: 70 | I23: 57 | J23: 73 | K23: 70 | L23: 65 | M23: 64 | P23: =IFERROR(STDEVA(D23:H23),#N/A) -> 2.2803509 | Q23: =MEDIAN(D23:H23) -> 68 | R23: =MAX(J23:O23) -> 73 | S23: =100*(R23-Q23)/Q23 -> 7.3529412
B24: Healthy | C24: HP-08 | D24: 60 | E24: 64 | F24: 64 | G24: 64 | H24: 62 | I24: 62 | J24: 75 | K24: 73 | L24: 74 | M24: 72 | P24: =IFERROR(STDEVA(D24:H24),#N/A) -> 1.7888544 | Q24: =MEDIAN(D24:H24) -> 64 | R24: =MAX(J24:O24) -> 75 | S24: =100*(R24-Q24)/Q24 -> 17.1875
B25: Healthy | C25: HP-19 | D25: 56 | E25: 64 | F25: 57 | G25: 65 | H25: 68 | I25: 62 | J25: 71 | K25: 70 | L25: 77 | M25: 67 | P25: =IFERROR(STDEVA(D25:H25),#N/A) -> 5.2440442 | Q25: =MEDIAN(D25:H25) -> 64 | R25: =MAX(J25:O25) -> 77 | S25: =100*(R25-Q25)/Q25 -> 20.3125
B26: Healthy | C26: HP-21 | D26: 54 | E26: 57 | F26: 54 | G26: 54 | H26: 55 | I26: 43 | J26: 52 | K26: 56 | L26: 52 | M26: 53 | N26: 53 | O26: 52 | P26: =IFERROR(STDEVA(D26:H26),#N/A) -> 1.3038405 | Q26: =MEDIAN(D26:H26) -> 54 | R26: =MAX(J26:O26) -> 56 | S26: =100*(R26-Q26)/Q26 -> 3.7037037 | T26: 54 | U26: 52 | V26: 50 | W26: 50 | X26: 56 | Y26: 34 | Z26: 61 | AA26: 59 | AB26: 59 | AC26: 57 | AD26: 58 | AE26: 59 | AI26: 47 | AJ26: 51 | AK26: 48 | AL26: 49 | AM26: 50 | AN26: 42 | AO26: 54 | AP26: 56 | AQ26: 55 | AR26: 55 | AS26: 54 | AT26: 53 | AX26: 56 | AY26: 57 | AZ26: 56 | BA26: 56 | BB26: 55 | BC26: 45 | BD26: 58 | BE26: 58 | BF26: 56 | BG26: 54 | BH26: 54 | BI26: 55
B27: Healthy | C27: HP-22 | D27: 56 | E27: 56 | F27: 54 | G27: 53 | H27: 56 | I27: 42 | J27: 57 | K27: 58 | L27: 60 | M27: 58 | N27: 58 | O27: 59 | P27: =IFERROR(STDEVA(D27:H27),#N/A) -> 1.4142136 | Q27: =MEDIAN(D27:H27) -> 56 | R27: =MAX(J27:O27) -> 60 | S27: =100*(R27-Q27)/Q27 -> 7.1428571
B28: Healthy | C28: HP-30 | D28: 40 | E28: 50 | F28: 52 | G28: 50 | H28: 51 | I28: 40 | J28: 40 | K28: 45 | L28: 47 | M28: 45 | N28: 47 | O28: 47 | P28: =IFERROR(STDEVA(D28:H28),#N/A) -> 4.8785244 | Q28: =MEDIAN(D28:H28) -> 50 | R28: =MAX(J28:O28) -> 47 | S28: =100*(R28-Q28)/Q28 -> -6
B29: Healthy | C29: HP-38 | D29: 42 | E29: 46 | F29: 51 | G29: 51 | H29: 52 | I29: 43 | J29: 54 | K29: 53 | L29: 46 | M29: 51 | N29: 50 | O29: 47 | P29: =IFERROR(STDEVA(D29:H29),#N/A) -> 4.2778499 | Q29: =MEDIAN(D29:H29) -> 51 | R29: =MAX(J29:O29) -> 54 | S29: =100*(R29-Q29)/Q29 -> 5.8823529
P30: Mean of median | Q30: =AVERAGE(Q19:Q29) -> 58.142857 | R30: =AVERAGE(R21:R29) -> 63.142857 | S30: =AVERAGE(S19:S29) -> 7.940265
P31: SD | Q31: =STDEVA(Q19:Q29) -> 7.12808 | R31: =STDEVA(R21:R29) -> 11.795883 | S31: =STDEVA(S19:S29) -> 8.7185511
P32: COV | Q32: =Q31/Q30 -> 0.12259597 | R32: =R31/R30 -> 0.18681263 | S32: =S31/S30 -> 1.0980177
O36: Number of scans per subject | P36: 5 | Q36: <-insert correct numbers before the analysis | AE36: Number of scans per subject | AF36: 5 | AG36: <-insert correct numbers before the analysis | AT36: Number of scans per subject | AU36: 5 | AV36: <-insert correct numbers before the analysis | BI36: Number of scans per subject | BJ36: 5 | BK36: <-insert correct numbers before the analysis
O37: Number of subjects | P37: 7 | Q37: <-insert correct numbers before the analysis | AE37: Number of subjects | AF37: 10 | AG37: <-insert correct numbers before the analysis | AT37: Number of subjects | AU37: 10 | AV37: <-insert correct numbers before the analysis | BI37: Number of subjects | BJ37: 10 | BK37: <-insert correct numbers before the analysis
O38: Within SD | P38: =SQRT(AVERAGE(P23:P35)) -> 1.7397733 | AE38: Within SD | AF38: =SQRT(AVERAGE(AF23:AF35)) -> #DIV/0! | AT38: Within SD | AU38: =SQRT(AVERAGE(AU23:AU35)) -> #DIV/0! | BI38: Within SD | BJ38: =SQRT(AVERAGE(BJ23:BJ35)) -> #DIV/0!
O39: CR | P39: =2.77*P38 -> 4.819172 | AE39: CR | AF39: =2.77*AF38 -> #DIV/0! | AT39: CR | AU39: =2.77*AU38 -> #DIV/0! | BI39: CR | BJ39: =2.77*BJ38 -> #DIV/0!
O40: CI_A | P40: =P39-(1.96*(P38/(SQRT(2*P37*(P36-1))))) -> 4.3634975 | AE40: CI_A | AF40: =AF39-(1.96*(AF38/(SQRT(2*AF37*(AF36-1))))) -> #DIV/0! | AT40: CI_A | AU40: =AU39-(1.96*(AU38/(SQRT(2*AU37*(AU36-1))))) -> #DIV/0! | BI40: CI_A | BJ40: =BJ39-(1.96*(BJ38/(SQRT(2*BJ37*(BJ36-1))))) -> #DIV/0!
O41: CI_B | P41: =P39+(1.96*(P38/(SQRT(2*P37*(P36-1))))) -> 5.2748465 | AE41: CI_B | AF41: =AF39+(1.96*(AF38/(SQRT(2*AF37*(AF36-1))))) -> #DIV/0! | AT41: CI_B | AU41: =AU39+(1.96*(AU38/(SQRT(2*AU37*(AU36-1))))) -> #DIV/0! | BI41: CI_B | BJ41: =BJ39+(1.96*(BJ38/(SQRT(2*BJ37*(BJ36-1))))) -> #DIV/0!
A43: 40-49 | B43: Healthy | C43: HP-12 | D43: 65 | E43: 70 | F43: 69 | G43: 68 | H43: 66 | I43: 60 | J43: 72 | K43: 71 | L43: 73 | M43: 71 | P43: =IFERROR(STDEVA(D43:H43),#N/A) -> 2.0736441 | Q43: =MEDIAN(D43:H43) -> 68 | R43: =MAX(J43:O43) -> 73 | S43: =100*(R43-Q43)/Q43 -> 7.3529412
B44: Healthy | C44: HP-15 | D44: 55 | E44: 57 | F44: 54 | G44: 56 | H44: 59 | I44: 61 | J44: 68 | K44: 68 | L44: 64 | M44: 62 | P44: =IFERROR(STDEVA(D44:H44),#N/A) -> 1.9235384 | Q44: =MEDIAN(D44:H44) -> 56 | R44: =MAX(J44:O44) -> 68 | S44: =100*(R44-Q44)/Q44 -> 21.428571
B45: Healthy | C45: HP-20 | D45: 48 | E45: 46 | F45: 47 | G45: 50 | H45: 51 | I45: 42 | J45: 57 | K45: 57 | L45: 56 | M45: 52 | N45: 52 | O45: 55 | P45: =IFERROR(STDEVA(D45:H45),#N/A) -> 2.0736441 | Q45: =MEDIAN(D45:H45) -> 48 | R45: =MAX(J45:O45) -> 57 | S45: =100*(R45-Q45)/Q45 -> 18.75 | T45: 46 | U45: 51 | V45: 50 | W45: 50 | X45: 52 | Y45: 41 | Z45: 59 | AA45: 58 | AB45: 56 | AC45: 53 | AD45: 52 | AE45: 50 | AI45: 51 | AJ45: 55 | AK45: 55 | AL45: 56 | AM45: 58 | AN45: 46 | AO45: 60 | AP45: 60 | AQ45: 59 | AR45: 57 | AS45: 56 | AT45: 55 | AX45: 50 | AY45: 53 | AZ45: 55 | BA45: 54 | BB45: 53 | BC45: 46 | BD45: 60 | BE45: 60 | BF45: 58 | BG45: 56 | BH45: 56 | BI45: 55
B46: Healthy | C46: HP-29 | D46: 46 | E46: 48 | F46: 48 | G46: 46 | I46: 41 | J46: 50 | K46: 45 | L46: 48 | M46: 48 | N46: 47 | O46: 46 | P46: =IFERROR(STDEVA(D46:H46),#N/A) -> 1.1547005 | Q46: =MEDIAN(D46:H46) -> 47 | R46: =MAX(J46:O46) -> 50 | S46: =100*(R46-Q46)/Q46 -> 6.3829787
B47: Healthy | C47: HP-32 | D47: 41 | E47: 47 | F47: 42 | G47: 42 | H47: 47 | I47: 43 | J47: 55 | K47: 46 | L47: 44 | M47: 47 | N47: 48 | O47: 52 | P47: =IFERROR(STDEVA(D47:H47),#N/A) -> 2.9495762 | Q47: =MEDIAN(D47:H47) -> 42 | R47: =MAX(J47:O47) -> 55 | S47: =100*(R47-Q47)/Q47 -> 30.952381
B48: Healthy | C48: HP-35 | D48: 42 | E48: 46 | F48: 43 | G48: 43 | H48: 44 | I48: 44 | J48: 57 | K48: 55 | L48: 49 | M48: 49 | N48: 48 | O48: 50 | P48: =IFERROR(STDEVA(D48:H48),#N/A) -> 1.5165751 | Q48: =MEDIAN(D48:H48) -> 43 | R48: =MAX(J48:O48) -> 57 | S48: =100*(R48-Q48)/Q48 -> 32.55814 | T48: 51 | U48: 50 | V48: 51 | W48: 48 | X48: 52 | Y48: 40 | Z48: 58 | AA48: 57 | AB48: 52 | AC48: 52 | AD48: 49 | AE48: 50 | AI48: 52 | AJ48: 49 | AK48: 53 | AL48: 53 | AM48: 54 | AN48: 45 | AO48: 59 | AP48: 59 | AQ48: 58 | AR48: 59 | AS48: 55 | AT48: 58 | AX48: 51 | AY48: 54 | AZ48: 55 | BA48: 56 | BB48: 56 | BC48: 47 | BD48: 58 | BE48: 60 | BF48: 56 | BG48: 58 | BH48: 54 | BI48: 56
B49: Healthy | C49: HP-41 | D49: 42 | E49: 52 | F49: 51 | G49: 52 | H49: 50 | I49: 53 | J49: 48 | K49: 58 | L49: 56 | M49: 49 | N49: 52 | O49: 49 | P49: =IFERROR(STDEVA(D49:H49),#N/A) -> 4.2190046 | Q49: =MEDIAN(D49:H49) -> 51 | R49: =MAX(J49:O49) -> 58 | S49: =100*(R49-Q49)/Q49 -> 13.72549
B50: Healthy | C50: HP-44 | D50: 41 | E50: 42 | F50: 44 | G50: 43 | H50: 41 | I50: 44 | J50: 52 | K50: 47 | L50: 47 | M50: 45 | N50: 45 | O50: 46 | P50: =IFERROR(STDEVA(D50:H50),#N/A) -> 1.3038405 | Q50: =MEDIAN(D50:H50) -> 42 | R50: =MAX(J50:O50) -> 52 | S50: =100*(R50-Q50)/Q50 -> 23.809524
B51: Healthy | C51: HP-45 | D51: 54 | E51: 56 | F51: 55 | G51: 56 | H51: 55 | I51: 52 | J51: 54 | K51: 54 | L51: 52 | M51: 53 | N51: 51 | O51: 51 | P51: =IFERROR(STDEVA(D51:H51),#N/A) -> 0.83666003 | Q51: =MEDIAN(D51:H51) -> 55 | R51: =MAX(J51:O51) -> 54 | S51: =100*(R51-Q51)/Q51 -> -1.8181818
B52: Healthy | C52: HP-49 | D52: 52 | E52: 56 | F52: 63 | G52: 62 | H52: 60 | I52: 46 | J52: 60 | K52: 63 | L52: 63 | M52: 62 | N52: 63 | O52: 59 | P52: =IFERROR(STDEVA(D52:H52),#N/A) -> 4.5607017 | Q52: =MEDIAN(D52:H52) -> 60 | R52: =MAX(J52:O52) -> 63 | S52: =100*(R52-Q52)/Q52 -> 5
B53: Healthy | C53: HP-56 | D53: 53 | E53: 55 | F53: 60 | G53: 62 | H53: 62 | I53: 46 | J53: 57 | K53: 56 | L53: 55 | M53: 51 | N53: 51 | O53: 51 | P53: =IFERROR(STDEVA(D53:H53),#N/A) -> 4.1593269 | Q53: =MEDIAN(D53:H53) -> 60 | R53: =MAX(J53:O53) -> 57 | S53: =100*(R53-Q53)/Q53 -> -5 | T53: 50 | U53: 52 | V53: 56 | W53: 54 | X53: 56 | Y53: 42 | Z53: 60 | AA53: 59 | AB53: 58 | AC53: 58 | AD53: 58 | AE53: 58 | AI53: 48 | AJ53: 50 | AK53: 52 | AL53: 56 | AM53: 55 | AN53: 46 | AO53: 60 | AP53: 60 | AQ53: 60 | AR53: 58 | AS53: 56 | AT53: 51 | AX53: 50 | AY53: 46 | AZ53: 49 | BA53: 50 | BB53: 53 | BC53: 48 | BD53: 58 | BE53: 59 | BF53: 55 | BG53: 54 | BH53: 54 | BI53: 52
P54: Mean of median | Q54: =AVERAGE(Q44:Q53) -> 50.4 | R54: =AVERAGE(R45:R53) -> 55.888889 | S54: =AVERAGE(S44:S53) -> 14.57889
P55: SD | Q55: =STDEVA(Q44:Q53) -> 7.0742098 | R55: =STDEVA(R45:R53) -> 3.7564759 | S55: =STDEVA(S44:S53) -> 13.134851
P56: COV | Q56: =Q55/Q54 -> 0.14036131 | R56: =R55/R54 -> 0.067213286 | S56: =S55/S54 -> 0.90094999
O57: Number of scans per subject | P57: 5 | Q57: <-insert correct numbers before the analysis | AE57: Number of scans per subject | AF57: 5 | AG57: <-insert correct numbers before the analysis | AT57: Number of scans per subject | AU57: 5 | AV57: <-insert correct numbers before the analysis | BI57: Number of scans per subject | BJ57: 5 | BK57: <-insert correct numbers before the analysis
O58: Number of subjects | P58: 11 | Q58: <-insert correct numbers before the analysis | AE58: Number of subjects | AF58: 10 | AG58: <-insert correct numbers before the analysis | AT58: Number of subjects | AU58: 10 | AV58: <-insert correct numbers before the analysis | BI58: Number of subjects | BJ58: 10 | BK58: <-insert correct numbers before the analysis
O59: Within SD | P59: =SQRT(AVERAGE(P43:P56)) -> 1.560047 | AE59: Within SD | AF59: =SQRT(AVERAGE(AF43:AF56)) -> #DIV/0! | AT59: Within SD | AU59: =SQRT(AVERAGE(AU43:AU56)) -> #DIV/0! | BI59: Within SD | BJ59: =SQRT(AVERAGE(BJ43:BJ56)) -> #DIV/0!
O60: CR | P60: =2.77*P59 -> 4.3213301 | AE60: CR | AF60: =2.77*AF59 -> #DIV/0! | AT60: CR | AU60: =2.77*AU59 -> #DIV/0! | BI60: CR | BJ60: =2.77*BJ59 -> #DIV/0!
O61: CI_A | P61: =P60-(1.96*(P59/(SQRT(2*P58*(P57-1))))) -> 3.9953791 | AE61: CI_A | AF61: =AF60-(1.96*(AF59/(SQRT(2*AF58*(AF57-1))))) -> #DIV/0! | AT61: CI_A | AU61: =AU60-(1.96*(AU59/(SQRT(2*AU58*(AU57-1))))) -> #DIV/0! | BI61: CI_A | BJ61: =BJ60-(1.96*(BJ59/(SQRT(2*BJ58*(BJ57-1))))) -> #DIV/0!
O62: CI_B | P62: =P60+(1.96*(P59/(SQRT(2*P58*(P57-1))))) -> 4.6472812 | AE62: CI_B | AF62: =AF60+(1.96*(AF59/(SQRT(2*AF58*(AF57-1))))) -> #DIV/0! | AT62: CI_B | AU62: =AU60+(1.96*(AU59/(SQRT(2*AU58*(AU57-1))))) -> #DIV/0! | BI62: CI_B | BJ62: =BJ60+(1.96*(BJ59/(SQRT(2*BJ58*(BJ57-1))))) -> #DIV/0!
A64: 50-59 | B64: Healthy | C64: HP-13 | D64: 66 | E64: 63 | F64: 68 | G64: 64 | H64: 66 | I64: 65 | J64: 72 | K64: 76 | L64: 78 | M64: 79 | P64: =IFERROR(STDEVA(D64:H64),#N/A) -> 1.9493589 | Q64: =MEDIAN(D64:H64) -> 66 | R64: =MAX(J64:O64) -> 79 | S64: =100*(R64-Q64)/Q64 -> 19.69697
B65: Healthy | C65: HP-14 | D65: 65 | E65: 68 | F65: 62 | G65: 60 | H65: 61 | I65: 57 | J65: 72 | K65: 74 | L65: 76 | M65: 76 | P65: =IFERROR(STDEVA(D65:H65),#N/A) -> 3.2710854 | Q65: =MEDIAN(D65:H65) -> 62 | R65: =MAX(J65:O65) -> 76 | S65: =100*(R65-Q65)/Q65 -> 22.580645
B66: Healthy | C66: HP-16 | D66: 66 | E66: 68 | F66: 68 | G66: 68 | H66: 68 | I66: 39 | J66: 71 | K66: 71 | L66: 70 | M66: 69 | P66: =IFERROR(STDEVA(D66:H66),#N/A) -> 0.89442719 | Q66: =MEDIAN(D66:H66) -> 68 | R66: =MAX(J66:O66) -> 71 | S66: =100*(R66-Q66)/Q66 -> 4.4117647
B67: Healthy | C67: HP-26 | D67: 57 | E67: 53 | F67: 53 | G67: 49 | H67: 43 | I67: 59 | J67: 56 | K67: 52 | L67: 50 | M67: 50 | N67: 50 | P67: =IFERROR(STDEVA(D67:H67),#N/A) -> 5.2915026 | Q67: =MEDIAN(D67:H67) -> 53 | R67: =MAX(J67:O67) -> 56 | S67: =100*(R67-Q67)/Q67 -> 5.6603774
B68: Healthy | C68: HP-28 | D68: 42 | E68: 41 | F68: 43 | G68: 42 | H68: 41 | I68: 49 | J68: 50 | K68: 54 | L68: 53 | M68: 49 | N68: 46 | O68: 40 | P68: =IFERROR(STDEVA(D68:H68),#N/A) -> 0.83666003 | Q68: =MEDIAN(D68:H68) -> 42 | R68: =MAX(J68:O68) -> 54 | S68: =100*(R68-Q68)/Q68 -> 28.571429 | T68: 41 | U68: 42 | V68: 43 | W68: 41 | X68: 42 | Y68: 47 | Z68: 51 | AA68: 49 | AB68: 49 | AC68: 46 | AD68: 45 | AE68: 45 | AI68: 57 | AJ68: 50 | AK68: 48 | AL68: 50 | AM68: 46 | AN68: 53 | AO68: 60 | AP68: 59 | AQ68: 63 | AR68: 56 | AS68: 55 | AT68: 48 | AX68: 46 | AY68: 47 | AZ68: 51 | BA68: 54 | BB68: 52 | BC68: 47 | BD68: 56 | BE68: 58 | BF68: 57 | BG68: 57 | BH68: 54 | BI68: 54
B69: Healthy | C69: HP-31 | D69: 50 | E69: 51 | F69: 49 | G69: 48 | H69: 49 | I69: 43 | J69: 54 | K69: 51 | L69: 46 | M69: 49 | N69: 49 | O69: 49 | P69: =IFERROR(STDEVA(D69:H69),#N/A) -> 1.1401754 | Q69: =MEDIAN(D69:H69) -> 49 | R69: =MAX(J69:O69) -> 54 | S69: =100*(R69-Q69)/Q69 -> 10.204082
B70: Healthy | C70: HP-36 | D70: 46 | E70: 43 | F70: 44 | G70: 48 | H70: 50 | I70: 45 | J70: 54 | K70: 55 | L70: 50 | M70: 54 | N70: 51 | O70: 53 | P70: =IFERROR(STDEVA(D70:H70),#N/A) -> 2.8635642 | Q70: =MEDIAN(D70:H70) -> 46 | R70: =MAX(J70:O70) -> 55 | S70: =100*(R70-Q70)/Q70 -> 19.565217
B71: Healthy | C71: HP-37 | D71: 42 | E71: 52 | F71: 56 | G71: 62 | H71: 57 | I71: 43 | J71: 60 | K71: 63 | L71: 58 | M71: 54 | N71: 53 | O71: 52 | P71: =IFERROR(STDEVA(D71:H71),#N/A) -> 7.4966659 | Q71: =MEDIAN(D71:H71) -> 56 | R71: =MAX(J71:O71) -> 63 | S71: =100*(R71-Q71)/Q71 -> 12.5 | T71: 45 | U71: 50 | V71: 47 | W71: 48 | X71: 48 | Y71: 45 | Z71: 59 | AA71: 56 | AB71: 57 | AC71: 55 | AD71: 54 | AE71: 53 | AI71: 47 | AJ71: 48 | AK71: 49 | AL71: 49 | AM71: 51 | AN71: 46 | AO71: 58 | AP71: 57 | AQ71: 56 | AR71: 57 | AS71: 56 | AT71: 55 | AX71: 56 | AY71: 55 | AZ71: 46 | BA71: 48 | BB71: 48 | BC71: 46 | BD71: 56 | BE71: 55 | BF71: 53 | BG71: 49 | BH71: 48 | BI71: 49
B72: Healthy | C72: HP-39 | D72: 52 | E72: 53 | F72: 53 | G72: 50 | H72: 49 | I72: 44 | J72: 58 | K72: 59 | L72: 58 | M72: 57 | N72: 55 | O72: 52 | P72: =IFERROR(STDEVA(D72:H72),#N/A) -> 1.8165902 | Q72: =MEDIAN(D72:H72) -> 52 | R72: =MAX(J72:O72) -> 59 | S72: =100*(R72-Q72)/Q72 -> 13.461538 | T72: 51 | U72: 52 | V72: 54 | W72: 53 | X72: 55 | Y72: 45 | Z72: 57 | AA72: 59 | AB72: 54 | AC72: 52 | AD72: 54 | AE72: 50
B73: Healthy | C73: HP-40 | E73: 48 | F73: 46 | G73: 47 | H73: 47 | I73: 41 | J73: 50 | K73: 47 | L73: 47 | M73: 43 | N73: 45 | O73: 45 | P73: =IFERROR(STDEVA(D73:H73),#N/A) -> 0.81649658 | Q73: =MEDIAN(D73:H73) -> 47 | R73: =MAX(J73:O73) -> 50 | S73: =100*(R73-Q73)/Q73 -> 6.3829787 | T73: 43 | U73: 41 | V73: 42 | W73: 41 | X73: 40 | Y73: 43 | Z73: 44 | AA73: 47 | AB73: 42 | AC73: 43 | AD73: 42 | AE73: 42 | AI73: 44 | AJ73: 43 | AK73: 48 | AL73: 47 | AM73: 52 | AN73: 43 | AO73: 57 | AP73: 53 | AQ73: 49 | AR73: 48 | AS73: 46 | AT73: 46 | AX73: 40 | AY73: 42 | AZ73: 45 | BA73: 43 | BB73: 41 | BC73: 41 | BD73: 56 | BE73: 51 | BF73: 49 | BG73: 47 | BH73: 46 | BI73: 43
P74: Mean of median | Q74: =AVERAGE(Q64:Q73) -> 54.1 | R74: =AVERAGE(R65:R73) -> 59.777778 | S74: =AVERAGE(S64:S73) -> 14.3035
P75: SD | Q75: =STDEVA(Q64:Q73) -> 8.7869853 | R75: =STDEVA(R65:R73) -> 8.6570459 | S75: =STDEVA(S64:S73) -> 8.0616479
P76: COV | Q76: =Q75/Q74 -> 0.16242117 | R76: =R75/R74 -> 0.14482047 | S76: =S75/S74 -> 0.56361365
O77: Number of scans per subject | P77: 5 | Q77: <-insert correct numbers before the analysis | AE77: Number of scans per subject | AF77: 5 | AG77: <-insert correct numbers before the analysis | AT77: Number of scans per subject | AU77: 5 | AV77: <-insert correct numbers before the analysis | BI77: Number of scans per subject | BJ77: 5 | BK77: <-insert correct numbers before the analysis
O78: Number of subjects | P78: 10 | Q78: <-insert correct numbers before the analysis | AE78: Number of subjects | AF78: 10 | AG78: <-insert correct numbers before the analysis | AT78: Number of subjects | AU78: 10 | AV78: <-insert correct numbers before the analysis | BI78: Number of subjects | BJ78: 10 | BK78: <-insert correct numbers before the analysis
O79: Within SD | P79: =SQRT(AVERAGE(P64:P76)) -> 1.6240852 | AE79: Within SD | AF79: =SQRT(AVERAGE(AF64:AF76)) -> #DIV/0! | AT79: Within SD | AU79: =SQRT(AVERAGE(AU64:AU76)) -> #DIV/0! | BI79: Within SD | BJ79: =SQRT(AVERAGE(BJ64:BJ76)) -> #DIV/0!
O80: CR | P80: =2.77*P79 -> 4.4987159 | AE80: CR | AF80: =2.77*AF79 -> #DIV/0! | AT80: CR | AU80: =2.77*AU79 -> #DIV/0! | BI80: CR | BJ80: =2.77*BJ79 -> #DIV/0!
O81: CI_A | P81: =P80-(1.96*(P79/(SQRT(2*P78*(P77-1))))) -> 4.1428226 | AE81: CI_A | AF81: =AF80-(1.96*(AF79/(SQRT(2*AF78*(AF77-1))))) -> #DIV/0! | AT81: CI_A | AU81: =AU80-(1.96*(AU79/(SQRT(2*AU78*(AU77-1))))) -> #DIV/0! | BI81: CI_A | BJ81: =BJ80-(1.96*(BJ79/(SQRT(2*BJ78*(BJ77-1))))) -> #DIV/0!
O82: CI_B | P82: =P80+(1.96*(P79/(SQRT(2*P78*(P77-1))))) -> 4.8546093 | AE82: CI_B | AF82: =AF80+(1.96*(AF79/(SQRT(2*AF78*(AF77-1))))) -> #DIV/0! | AT82: CI_B | AU82: =AU80+(1.96*(AU79/(SQRT(2*AU78*(AU77-1))))) -> #DIV/0! | BI82: CI_B | BJ82: =BJ80+(1.96*(BJ79/(SQRT(2*BJ78*(BJ77-1))))) -> #DIV/0!
A84: 60-74 | B84: Healthy | C84: HP-17 | D84: 68 | E84: 73 | F84: 74 | G84: 74 | H84: 77 | I84: 54 | J84: 77 | K84: 82 | L84: 77 | M84: 79 | P84: =IFERROR(STDEVA(D84:H84),#N/A) -> 3.2710854 | Q84: =MEDIAN(D84:H84) -> 74 | R84: =MAX(J84:O84) -> 82 | S84: =100*(R84-Q84)/Q84 -> 10.810811
B85: Healthy | C85: HP-27 | D85: 42 | E85: 47 | F85: 48 | G85: 52 | H85: 52 | I85: 40 | J85: 41 | K85: 41 | L85: 41 | M85: 41 | N85: 41 | O85: 40 | P85: =IFERROR(STDEVA(D85:H85),#N/A) -> 4.1472883 | Q85: =MEDIAN(D85:H85) -> 48 | R85: =MAX(J85:O85) -> 41 | S85: =100*(R85-Q85)/Q85 -> -14.583333
B86: Healthy | C86: HP-34 | D86: 39 | E86: 43 | F86: 42 | G86: 44 | H86: 42 | I86: 38 | J86: 50 | K86: 46 | L86: 46 | M86: 47 | N86: 47 | O86: 46 | P86: =IFERROR(STDEVA(D86:H86),#N/A) -> 1.8708287 | Q86: =MEDIAN(D86:H86) -> 42 | R86: =MAX(J86:O86) -> 50 | S86: =100*(R86-Q86)/Q86 -> 19.047619 | T86: 41 | U86: 41 | V86: 43 | W86: 42 | X86: 46 | Y86: 40 | Z86: 45 | AA86: 50 | AB86: 46 | AC86: 46 | AD86: 44 | AE86: 44 | AI86: 52 | AJ86: 51 | AK86: 51 | AL86: 53 | AM86: 52 | AN86: 39 | AO86: 53 | AP86: 55 | AQ86: 54 | AR86: 52 | AS86: 51 | AT86: 49 | AX86: 44 | AY86: 41 | AZ86: 47 | BA86: 45 | BB86: 44 | BC86: 41 | BD86: 48 | BE86: 51 | BF86: 46 | BG86: 47 | BH86: 47 | BI86: 50
B87: Healthy | C87: HP-46 | D87: 49 | E87: 42 | F87: 42 | G87: 43 | H87: 43 | I87: 43 | J87: 59 | K87: 59 | L87: 56 | M87: 53 | N87: 52 | O87: 50 | P87: =IFERROR(STDEVA(D87:H87),#N/A) -> 2.9495762 | Q87: =MEDIAN(D87:H87) -> 43 | R87: =MAX(J87:O87) -> 59 | S87: =100*(R87-Q87)/Q87 -> 37.209302
B88: Healthy | C88: HP-53 | D88: 45 | E88: 52 | F88: 58 | G88: 55 | H88: 56 | I88: 48 | J88: 53 | K88: 60 | L88: 60 | M88: 52 | N88: 50 | O88: 54 | P88: =IFERROR(STDEVA(D88:H88),#N/A) -> 5.0695167 | Q88: =MEDIAN(D88:H88) -> 55 | R88: =MAX(J88:O88) -> 60 | S88: =100*(R88-Q88)/Q88 -> 9.0909091
B89: Healthy | C89: HP-54 | D89: 50 | E89: 48 | F89: 49 | G89: 52 | H89: 50 | I89: 43 | J89: 55 | K89: 51 | L89: 53 | M89: 53 | N89: 51 | O89: 49 | P89: =IFERROR(STDEVA(D89:H89),#N/A) -> 1.4832397 | Q89: =MEDIAN(D89:H89) -> 50 | R89: =MAX(J89:O89) -> 55 | S89: =100*(R89-Q89)/Q89 -> 10
B90: Healthy | C90: HP-55 | D90: 52 | E90: 46 | F90: 46 | G90: 47 | H90: 47 | I90: 44 | J90: 42 | K90: 58 | L90: 56 | M90: 53 | N90: 49 | O90: 48 | P90: =IFERROR(STDEVA(D90:H90),#N/A) -> 2.5099801 | Q90: =MEDIAN(D90:H90) -> 47 | R90: =MAX(J90:O90) -> 58 | S90: =100*(R90-Q90)/Q90 -> 23.404255
B91: Healthy | C91: HP-57 | D91: 53 | E91: 52 | F91: 52 | G91: 52 | H91: 54 | I91: 42 | J91: 58 | K91: 58 | L91: 57 | M91: 57 | N91: 54 | O91: 58 | P91: =IFERROR(STDEVA(D91:H91),#N/A) -> 0.89442719 | Q91: =MEDIAN(D91:H91) -> 52 | R91: =MAX(J91:O91) -> 58 | S91: =100*(R91-Q91)/Q91 -> 11.538462
B92: Healthy | C92: HP-23 | D92: 41 | E92: 46 | F92: 46 | G92: 44 | H92: 43 | I92: 40 | J92: 41 | K92: 41 | L92: 41 | M92: 41 | N92: 40 | O92: 41 | P92: =IFERROR(STDEVA(D92:H92),#N/A) -> 2.1213203 | Q92: =MEDIAN(D92:H92) -> 44 | R92: =MAX(J92:O92) -> 41 | S92: =100*(R92-Q92)/Q92 -> -6.8181818
B93: Healthy | C93: HP-47 | D93: 54 | E93: 52 | F93: 53 | G93: 53 | H93: 52 | I93: 42 | J93: 47 | K93: 54 | L93: 51 | M93: 52 | N93: 52 | O93: 49 | P93: =IFERROR(STDEVA(D93:H93),#N/A) -> 0.83666003 | Q93: =MEDIAN(D93:H93) -> 53 | R93: =MAX(J93:O93) -> 54 | S93: =100*(R93-Q93)/Q93 -> 1.8867925
B94: Healthy | C94: HP-51 | D94: 40 | E94: 41 | F94: 52 | G94: 53 | H94: 51 | I94: 31 | J94: 43 | K94: 46 | L94: 44 | M94: 42 | N94: 41 | O94: 42 | P94: =IFERROR(STDEVA(D94:H94),#N/A) -> 6.3482281 | Q94: =MEDIAN(D94:H94) -> 51 | R94: =MAX(J94:O94) -> 46 | S94: =100*(R94-Q94)/Q94 -> -9.8039216
B95: Healthy | C95: HP-60 | D95: 49 | E95: 51 | F95: 56 | G95: 55 | H95: 53 | I95: 40 | J95: 52 | K95: 58 | L95: 57 | M95: 53 | N95: 51 | O95: 49 | P95: =IFERROR(STDEVA(D95:H95),#N/A) -> 2.8635642 | Q95: =MEDIAN(D95:H95) -> 53 | R95: =MAX(J95:O95) -> 58 | S95: =100*(R95-Q95)/Q95 -> 9.4339623 | T95: 47 | U95: 44 | V95: 42 | W95: 57 | X95: 58 | Y95: 57 | Z95: 41 | AA95: 52 | AB95: 49 | AC95: 51 | AD95: 49 | AE95: 47 | AI95: 48 | AJ95: 50 | AK95: 53 | AL95: 54 | AM95: 51 | AN95: 44 | AO95: 60 | AP95: 58 | AQ95: 58 | AR95: 57 | AS95: 56 | AT95: 53 | AX95: 47 | AY95: 46 | AZ95: 49 | BA95: 48 | BB95: 49 | BC95: 39 | BD95: 56 | BE95: 52 | BF95: 52 | BG95: 49 | BH95: 46 | BI95: 41
B96: Healthy | C96: HP-48 | D96: 50 | E96: 52 | F96: 55 | G96: 55 | H96: 53 | I96: 47 | J96: 58 | K96: 62 | L96: 63 | M96: 62 | N96: 63 | O96: 61 | P96: =IFERROR(STDEVA(D96:H96),#N/A) -> 2.1213203 | Q96: =MEDIAN(D96:H96) -> 53 | R96: =MAX(J96:O96) -> 63 | S96: =100*(R96-Q96)/Q96 -> 18.867925 | T96: 57 | U96: 52 | V96: 52 | W96: 51 | X96: 53 | Y96: 46 | Z96: 56 | AA96: 54 | AB96: 55 | AC96: 51 | AD96: 50 | AE96: 55 | AT96: Number of scans per subject | AU96: 5 | AV96: <-insert correct numbers before the analysis | BI96: Number of scans per subject | BJ96: 5 | BK96: <-insert correct numbers before the analysis
P97: Mean of median | Q97: =AVERAGE(Q87:Q96) -> 50.1 | R97: =AVERAGE(R88:R96) -> 54.777778 | S97: =AVERAGE(S87:S96) -> 10.48095
P98: SD | Q98: =STDEVA(Q87:Q96) -> 4.094712 | R98: =STDEVA(R88:R96) -> 7.0138751 | S98: =STDEVA(S87:S96) -> 13.907358
P99: COV | Q99: =Q98/Q97 -> 0.081730779 | R99: =R98/R97 -> 0.12804235 | S99: =S98/S97 -> 1.3269177
Q100: Number of scans per subject | S100: 5 | T100: <-insert correct numbers before the analysis | AE100: Number of scans per subject | AF100: 5 | AG100: <-insert correct numbers before the analysis | AT100: Number of subjects | AU100: 10 | AV100: <-insert correct numbers before the analysis | BI100: Number of subjects | BJ100: 10 | BK100: <-insert correct numbers before the analysis
Q101: Number of subjects | S101: 13 | T101: <-insert correct numbers before the analysis | AE101: Number of subjects | AF101: 10 | AG101: <-insert correct numbers before the analysis | AT101: Within SD | AU101: =SQRT(AVERAGE(AU84:AU95)) -> #DIV/0! | BI101: Within SD | BJ101: =SQRT(AVERAGE(BJ84:BJ95)) -> #DIV/0!
Q102: Within SD | S102: =SQRT(AVERAGE(P84:P95)) -> 1.6922794 | AE102: Within SD | AF102: =SQRT(AVERAGE(AF84:AF95)) -> #DIV/0! | AT102: CR | AU102: =2.77*AU101 -> #DIV/0! | BI102: CR | BJ102: =2.77*BJ101 -> #DIV/0!
Q103: CR | S103: =2.77*S102 -> 4.687614 | AE103: CR | AF103: =2.77*AF102 -> #DIV/0! | AT103: CI_A | AU103: =AU102-(1.96*(AU101/(SQRT(2*AU100*(AU96-1))))) -> #DIV/0! | BI103: CI_A | BJ103: =BJ102-(1.96*(BJ101/(SQRT(2*BJ100*(BJ96-1))))) -> #DIV/0!
Q104: CI_A | S104: =S103-(1.96*(S102/(SQRT(2*S101*(S100-1))))) -> 4.3623683 | AE104: CI_A | AF104: =AF103-(1.96*(AF102/(SQRT(2*AF101*(AF100-1))))) -> #DIV/0! | AT104: CI_B | AU104: =AU102+(1.96*(AU101/(SQRT(2*AU100*(AU96-1))))) -> #DIV/0! | BI104: CI_B | BJ104: =BJ102+(1.96*(BJ101/(SQRT(2*BJ100*(BJ96-1))))) -> #DIV/0!
R105: CI_B | S105: =S103+(1.96*(S102/(SQRT(2*S101*(S100-1))))) -> 5.0128596 | AE105: CI_B | AF105: =AF103+(1.96*(AF102/(SQRT(2*AF101*(AF100-1))))) -> #DIV/0! | AT105: CI_B | AU105: =AU103+(1.96*(AU102/(SQRT(2*AU101*(AU100-1))))) -> #DIV/0! | BI105: CI_B | BJ105: =BJ103+(1.96*(BJ102/(SQRT(2*BJ101*(BJ100-1))))) -> #DIV/0!
A107: 40-69
B109: Diabetic | C109: DP-04 | D109: 42 | E109: 41 | F109: 41 | G109: 41 | H109: 41 | I109: 42 | J109: 43 | K109: 42 | L109: 43 | M109: 47 | N109: 44 | O109: 42 | P109: =IFERROR(STDEVA(D109:H109),#N/A) -> 0.4472136 | Q109: =MEDIAN(D109:H109) -> 41 | R109: =MAX(J109:O109) -> 47 | S109: =100*(R109-Q109)/Q109 -> 14.634146 | T109: 47 | U109: 50 | V109: 50 | W109: 48 | X109: 46 | Y109: 40 | Z109: 51 | AA109: 54 | AB109: 53 | AC109: 48 | AD109: 46 | AE109: 48 | AI109: 40 | AJ109: 41 | AK109: 51 | AL109: 53 | AM109: 44 | AN109: 39 | AO109: 38 | AP109: 42 | AQ109: 41 | AR109: 46 | AS109: 46 | AT109: 47 | AX109: 40 | AY109: 39 | AZ109: 39 | BA109: 40 | BB109: 39 | BC109: 39 | BD109: 39 | BE109: 41 | BF109: 39 | BG109: 40 | BH109: 38 | BI109: 37
...

Sheet Median diameter
D1: SESSION 1 | P1: Coefficient of repeatibility analysis from the baseline scans | T1: SESSION 2 | AF1: Coefficient of repeatibility analysis from the baseline scans | AI1: SESSION 3 | AU1: Coefficient of repeatibility analysis from the baseline scans | AX1: SESSION 4 | BJ1: Coefficient of repeatibility analysis from the baseline scans
D2: Baseline | I2: Ischemia | J2: PORH | Q2: Median value of 5 measures | R2: MAX PORH | S2: Absolute diff between PORH and Median | T2: Baseline | Y2: Ischemia | Z2: PORH | AI2: Baseline | AN2: Ischemia | AO2: PORH | AX2: Baseline | BC2: Ischemia | BD2: PORH
A3: Age group | B3: Health/disease | C3: Participant ID | D3: Scan 1 | E3: Scan 2 | F3: Scan 3 | G3: Scan 4 | H3: Scan 5 | I3: Scan 6 | J3: Scan 7 | K3: Scan 8 | L3: Scan 9 | M3: Scan 10 | N3: Scan 11 | O3: Scan 12 | P3: Variance of (SD) | T3: Scan 1 | U3: Scan 2 | V3: Scan 3 | W3: Scan 4 | X3: Scan 5 | Y3: Scan 6 | Z3: Scan 7 | AA3: Scan 8 | AB3: Scan 9 | AC3: Scan 10 | AD3: Scan 11 | AE3: Scan 12 | AF3: Variance of (SD) | AI3: Scan 1 | AJ3: Scan 2 | AK3: Scan 3 | AL3: Scan 4 | AM3: Scan 5 | AN3: Scan 6 | AO3: Scan 7 | AP3: Scan 8 | AQ3: Scan 9 | AR3: Scan 10 | AS3: Scan 11 | AT3: Scan 12 | AU3: Variance of (SD) | AX3: Scan 1 | AY3: Scan 2 | AZ3: Scan 3 | BA3: Scan 4 | BB3: Scan 5 | BC3: Scan 6 | BD3: Scan 7 | BE3: Scan 8 | BF3: Scan 9 | BG3: Scan 10 | BH3: Scan 11 | BI3: Scan 12 | BJ3: Variance of (SD)
B4: Healthy | C4: HP-03 | D4: 62 | E4: 63 | F4: 65 | G4: 63 | H4: 61 | I4: 61 | J4: 69 | K4: 71 | L4: 73 | M4: 68 | P4: =IFERROR(STDEVA(D4:H4),#N/A) -> 1.4832397 | Q4: =MEDIAN(D4:H4) -> 63 | R4: =MAX(J4:O4) -> 73 | S4: =100*(R4-Q4)/Q4 -> 15.873016 | AF4: =IFERROR(STDEVA(T4:X4),#N/A) -> #N/A | AU4: =IFERROR(STDEVA(AI4:AM4),#N/A) -> #N/A | BJ4: =IFERROR(STDEVA(AX4:BB4),#N/A) -> #N/A
B5: Healthy | C5: HP-05 | D5: 63 | E5: 66 | F5: 72 | G5: 70 | H5: 71 | I5: 49 | J5: 73 | K5: 74 | L5: 70 | M5: 70 | P5: =IFERROR(STDEVA(D5:H5),#N/A) -> 3.7815341 | Q5: =MEDIAN(D5:H5) -> 70 | R5: =MAX(J5:O5) -> 74 | S5: =100*(R5-Q5)/Q5 -> 5.7142857 | AF5: =IFERROR(STDEVA(T5:X5),#N/A) -> #N/A | AU5: =IFERROR(STDEVA(AI5:AM5),#N/A) -> #N/A | BJ5: =IFERROR(STDEVA(AX5:BB5),#N/A) -> #N/A
B6: Healthy | C6: HP-06 | D6: 70 | E6: 71 | F6: 73 | G6: 72 | H6: 73 | I6: 56 | J6: 72 | K6: 77 | L6: 74 | M6: 74 | P6: =IFERROR(STDEVA(D6:H6),#N/A) -> 1.3038405 | Q6: =MEDIAN(D6:H6) -> 72 | R6: =MAX(J6:O6) -> 77 | S6: =100*(R6-Q6)/Q6 -> 6.9444444 | AF6: =IFERROR(STDEVA(T6:X6),#N/A) -> #N/A | AU6: =IFERROR(STDEVA(AI6:AM6),#N/A) -> #N/A | BJ6: =IFERROR(STDEVA(AX6:BB6),#N/A) -> #N/A
B7: Healthy | C7: HP-07 | D7: 68 | E7: 68 | F7: 69 | G7: 69 | H7: 69 | I7: 70 | J7: 75 | K7: 81 | L7: 76 | M7: 77 | P7: =IFERROR(STDEVA(D7:H7),#N/A) -> 0.54772256 | Q7: =MEDIAN(D7:H7) -> 69 | R7: =MAX(J7:O7) -> 81 | S7: =100*(R7-Q7)/Q7 -> 17.391304 | AF7: =IFERROR(STDEVA(T7:X7),#N/A) -> #N/A | AU7: =IFERROR(STDEVA(AI7:AM7),#N/A) -> #N/A | BJ7: =IFERROR(STDEVA(AX7:BB7),#N/A) -> #N/A
B8: Healthy | C8: HP-09 | D8: 59 | E8: 56 | F8: 60 | G8: 60 | H8: 59 | I8: 50 | J8: 74 | K8: 75 | L8: 74 | M8: 73 | P8: =IFERROR(STDEVA(D8:H8),#N/A) -> 1.6431677 | Q8: =MEDIAN(D8:H8) -> 59 | R8: =MAX(J8:O8) -> 75 | S8: =100*(R8-Q8)/Q8 -> 27.118644 | AF8: =IFERROR(STDEVA(T8:X8),#N/A) -> #N/A | AU8: =IFERROR(STDEVA(AI8:AM8),#N/A) -> #N/A | BJ8: =IFERROR(STDEVA(AX8:BB8),#N/A) -> #N/A
B9: Healthy | C9: HP-10 | D9: 63 | E9: 62 | F9: 61 | G9: 61 | H9: 58 | I9: 54 | J9: 72 | K9: 61 | L9: 58 | M9: 57 | P9: =IFERROR(STDEVA(D9:H9),#N/A) -> 1.8708287 | Q9: =MEDIAN(D9:H9) -> 61 | R9: =MAX(J9:O9) -> 72 | S9: =100*(R9-Q9)/Q9 -> 18.032787 | AF9: =IFERROR(STDEVA(T9:X9),#N/A) -> #N/A | AU9: =IFERROR(STDEVA(AI9:AM9),#N/A) -> #N/A | BJ9: =IFERROR(STDEVA(AX9:BB9),#N/A) -> #N/A
B10: Healthy | C10: HP-11 | D10: 55 | E10: 60 | F10: 66 | G10: 63 | H10: 62 | I10: 60 | J10: 71 | K10: 77 | L10: 73 | M10: 67 | P10: =IFERROR(STDEVA(D10:H10),#N/A) -> 4.0865633 | Q10: =MEDIAN(D10:H10) -> 62 | R10: =MAX(J10:O10) -> 77 | S10: =100*(R10-Q10)/Q10 -> 24.193548 | AF10: =IFERROR(STDEVA(T10:X10),#N/A) -> #N/A | AU10: =IFERROR(STDEVA(AI10:AM10),#N/A) -> #N/A | BJ10: =IFERROR(STDEVA(AX10:BB10),#N/A) -> #N/A
B11: Healthy | C11: HP-18 | D11: 66 | E11: 66 | F11: 74 | G11: 74 | H11: 74 | I11: 54 | J11: 73 | K11: 78 | L11: 78 | M11: 77 | P11: =IFERROR(STDEVA(D11:H11),#N/A) -> 4.3817805 | Q11: =MEDIAN(D11:H11) -> 74 | R11: =MAX(J11:O11) -> 78 | S11: =100*(R11-Q11)/Q11 -> 5.4054054 | AF11: =IFERROR(STDEVA(T11:X11),#N/A) -> #N/A | AU11: =IFERROR(STDEVA(AI11:AM11),#N/A) -> #N/A | BJ11: =IFERROR(STDEVA(AX11:BB11),#N/A) -> #N/A
B12: Healthy | C12: HP-24 | D12: 57 | E12: 55 | F12: 53 | G12: 52 | H12: 50 | I12: 46 | J12: 58 | K12: 61 | L12: 58 | M12: 59 | N12: 57 | O12: 52 | P12: =IFERROR(STDEVA(D12:H12),#N/A) -> 2.7018512 | Q12: =MEDIAN(D12:H12) -> 53 | R12: =MAX(J12:O12) -> 61 | S12: =100*(R12-Q12)/Q12 -> 15.09434 | AF12: =IFERROR(STDEVA(T12:X12),#N/A) -> #N/A | AU12: =IFERROR(STDEVA(AI12:AM12),#N/A) -> #N/A | BJ12: =IFERROR(STDEVA(AX12:BB12),#N/A) -> #N/A
P13: Mean of median | Q13: =AVERAGE(Q4:Q12) -> 64.777778 | R13: =AVERAGE(R4:R12) -> 74.222222 | S13: =AVERAGE(S4:S12) -> 15.085308 | AF13: =IFERROR(STDEVA(T13:X13),#N/A) -> #N/A | AU13: =IFERROR(STDEVA(AI13:AM13),#N/A) -> #N/A | BJ13: =IFERROR(STDEVA(AX13:BB13),#N/A) -> #N/A
P14: SD | Q14: =STDEVA(Q4:Q12) -> 6.8879928 | R14: =STDEVA(R4:R12) -> 5.6740148 | S14: =STDEVA(S4:S12) -> 7.8276535 | AF14: =IFERROR(STDEVA(T14:X14),#N/A) -> #N/A | AU14: =IFERROR(STDEVA(AI14:AM14),#N/A) -> #N/A | BJ14: =IFERROR(STDEVA(AX14:BB14),#N/A) -> #N/A
P15: COV | Q15: =Q14/Q13 -> 0.10633265 | R15: =R14/R13 -> 0.076446308 | S15: =S14/S13 -> 0.51889251 | AF15: =IFERROR(STDEVA(T15:X15),#N/A) -> #N/A | AU15: =IFERROR(STDEVA(AI15:AM15),#N/A) -> #N/A | BJ15: =IFERROR(STDEVA(AX15:BB15),#N/A) -> #N/A
O16: Number of scans per subject | P16: 5 | Q16: <-insert correct numbers before the analysis | AE16: Number of scans per subject | AF16: 5 | AG16: <-insert correct numbers before the analysis | AT16: Number of scans per subject | AU16: 5 | AV16: <-insert correct numbers before the analysis | BI16: Number of scans per subject | BJ16: 5 | BK16: <-insert correct numbers before the analysis
O17: Number of subjects | P17: 9 | Q17: <-insert correct numbers before the analysis | AE17: Number of subjects | AF17: 10 | AG17: <-insert correct numbers before the analysis | AT17: Number of subjects | AU17: 10 | AV17: <-insert correct numbers before the analysis | BI17: Number of subjects | BJ17: 10 | BK17: <-insert correct numbers before the analysis
O18: Within SD | P18: =SQRT(AVERAGE(P4:P15)) -> 1.5563679 | AE18: Within SD | AF18: =SQRT(AVERAGE(AF4:AF15)) -> #N/A | AT18: Within SD | AU18: =SQRT(AVERAGE(AU4:AU15)) -> #N/A | BI18: Within SD | BJ18: =SQRT(AVERAGE(BJ4:BJ15)) -> #N/A
O19: CR | P19: =2.77*P18 -> 4.311139 | AE19: CR | AF19: =2.77*AF18 -> #N/A | AT19: CR | AU19: =2.77*AU18 -> #N/A | BI19: CR | BJ19: =2.77*BJ18 -> #N/A
O20: CI_A | P20: =P19-(1.96*(P18/(SQRT(2*P17*(P16-1))))) -> 3.9516363 | AE20: CI_A | AF20: =AF19-(1.96*(AF18/(SQRT(2*AF17*(AF16-1))))) -> #N/A | AT20: CI_A | AU20: =AU19-(1.96*(AU18/(SQRT(2*AU17*(AU16-1))))) -> #N/A | BI20: CI_A | BJ20: =BJ19-(1.96*(BJ18/(SQRT(2*BJ17*(BJ16-1))))) -> #N/A
O21: CI_B | P21: =P19+(1.96*(P18/(SQRT(2*P17*(P16-1))))) -> 4.6706416 | AE21: CI_B | AF21: =AF19+(1.96*(AF18/(SQRT(2*AF17*(AF16-1))))) -> #N/A | AT21: CI_B | AU21: =AU19+(1.96*(AU18/(SQRT(2*AU17*(AU16-1))))) -> #N/A | BI21: CI_B | BJ21: =BJ19+(1.96*(BJ18/(SQRT(2*BJ17*(BJ16-1))))) -> #N/A
A23: 30-39 | B23: Healthy | C23: HP-04 | D23: 66 | E23: 65 | F23: 69 | G23: 70 | H23: 71 | I23: 54 | J23: 75 | K23: 72 | L23: 66 | M23: 66 | P23: =IFERROR(STDEVA(D23:H23),#N/A) -> 2.5884358 | Q23: =MEDIAN(D23:H23) -> 69 | R23: =MAX(J23:O23) -> 75 | S23: =100*(R23-Q23)/Q23 -> 8.6956522
B24: Healthy | C24: HP-08 | D24: 61 | E24: 65 | F24: 65 | G24: 66 | H24: 63 | I24: 64 | J24: 78 | K24: 75 | L24: 76 | M24: 75 | P24: =IFERROR(STDEVA(D24:H24),#N/A) -> 2 | Q24: =MEDIAN(D24:H24) -> 65 | R24: =MAX(J24:O24) -> 78 | S24: =100*(R24-Q24)/Q24 -> 20
B25: Healthy | C25: HP-19 | D25: 58 | E25: 66 | F25: 58 | G25: 66 | H25: 70 | I25: 62 | J25: 72 | K25: 74 | L25: 80 | M25: 69 | P25: =IFERROR(STDEVA(D25:H25),#N/A) -> 5.3665631 | Q25: =MEDIAN(D25:H25) -> 66 | R25: =MAX(J25:O25) -> 80 | S25: =100*(R25-Q25)/Q25 -> 21.212121
B26: Healthy | C26: HP-21 | D26: 56 | E26: 58 | F26: 57 | G26: 56 | H26: 57 | I26: 43 | J26: 53 | K26: 58 | L26: 53 | M26: 55 | N26: 54 | O26: 53 | P26: =IFERROR(STDEVA(D26:H26),#N/A) -> 0.83666003 | Q26: =MEDIAN(D26:H26) -> 57 | R26: =MAX(J26:O26) -> 58 | S26: =100*(R26-Q26)/Q26 -> 1.754386 | T26: 55 | U26: 54 | V26: 52 | W26: 51 | X26: 57 | Y26: 33 | Z26: 64 | AA26: 61 | AB26: 61 | AC26: 59 | AD26: 60 | AE26: 60 | AI26: 48 | AJ26: 52 | AK26: 51 | AL26: 51 | AM26: 52 | AN26: 43 | AO26: 55 | AP26: 58 | AQ26: 57 | AR26: 58 | AS26: 56 | AT26: 55 | AX26: 58 | AY26: 59 | AZ26: 59 | BA26: 58 | BB26: 58 | BC26: 46 | BD26: 60 | BE26: 61 | BF26: 59 | BG26: 56 | BH26: 56 | BI26: 57
B27: Healthy | C27: HP-22 | D27: 58 | E27: 59 | F27: 55 | G27: 54 | H27: 58 | I27: 43 | J27: 59 | K27: 60 | L27: 62 | M27: 60 | N27: 62 | O27: 61 | P27: =IFERROR(STDEVA(D27:H27),#N/A) -> 2.1679483 | Q27: =MEDIAN(D27:H27) -> 58 | R27: =MAX(J27:O27) -> 62 | S27: =100*(R27-Q27)/Q27 -> 6.8965517
B28: Healthy | C28: HP-30 | D28: 41 | E28: 52 | F28: 54 | G28: 52 | H28: 52 | I28: 41 | J28: 40 | K28: 46 | L28: 47 | M28: 46 | N28: 47 | O28: 48 | P28: =IFERROR(STDEVA(D28:H28),#N/A) -> 5.2153619 | Q28: =MEDIAN(D28:H28) -> 52 | R28: =MAX(J28:O28) -> 48 | S28: =100*(R28-Q28)/Q28 -> -7.6923077
B29: Healthy | C29: HP-38 | D29: 43 | E29: 46 | F29: 51 | G29: 52 | H29: 53 | I29: 44 | J29: 55 | K29: 54 | L29: 47 | M29: 52 | N29: 51 | O29: 49 | P29: =IFERROR(STDEVA(D29:H29),#N/A) -> 4.3011626 | Q29: =MEDIAN(D29:H29) -> 51 | R29: =MAX(J29:O29) -> 55 | S29: =100*(R29-Q29)/Q29 -> 7.8431373
P30: Mean of median | Q30: =AVERAGE(Q20:Q29) -> 59.714286 | R30: =AVERAGE(R21:R29) -> 65.142857 | S30: =AVERAGE(S20:S29) -> 8.3870772
P31: SD | Q31: =STDEVA(Q20:Q29) -> 7.0643303 | R31: =STDEVA(R21:R29) -> 12.522361 | S31: =STDEVA(S23:S29) -> 10.037378
P32: COV | Q32: =Q31/Q30 -> 0.11830218 | R32: =R31/R30 -> 0.19222923 | S32: =S31/S30 -> 1.196767
O33: Number of scans per subject | P33: 5 | Q33: <-insert correct numbers before the analysis | AE33: Number of scans per subject | AF33: 5 | AG33: <-insert correct numbers before the analysis | AT33: Number of scans per subject | AU33: 5 | AV33: <-insert correct numbers before the analysis | BI33: Number of scans per subject | BJ33: 5 | BK33: <-insert correct numbers before the analysis
O34: Number of subjects | P34: 7 | Q34: <-insert correct numbers before the analysis | AE34: Number of subjects | AF34: 10 | AG34: <-insert correct numbers before the analysis | AT34: Number of subjects | AU34: 10 | AV34: <-insert correct numbers before the analysis | BI34: Number of subjects | BJ34: 10 | BK34: <-insert correct numbers before the analysis
O35: Within SD | P35: =SQRT(AVERAGE(P23:P32)) -> 1.7918917 | AE35: Within SD | AF35: =SQRT(AVERAGE(AF23:AF32)) -> #DIV/0! | AT35: Within SD | AU35: =SQRT(AVERAGE(AU23:AU32)) -> #DIV/0! | BI35: Within SD | BJ35: =SQRT(AVERAGE(BJ23:BJ32)) -> #DIV/0!
O36: CR | P36: =2.77*P35 -> 4.9635401 | AE36: CR | AF36: =2.77*AF35 -> #DIV/0! | AT36: CR | AU36: =2.77*AU35 -> #DIV/0! | BI36: CR | BJ36: =2.77*BJ35 -> #DIV/0!
O37: CI_A | P37: =P36-(1.96*(P35/(SQRT(2*P34*(P33-1))))) -> 4.494215 | AE37: CI_A | AF37: =AF36-(1.96*(AF35/(SQRT(2*AF34*(AF33-1))))) -> #DIV/0! | AT37: CI_A | AU37: =AU36-(1.96*(AU35/(SQRT(2*AU34*(AU33-1))))) -> #DIV/0! | BI37: CI_A | BJ37: =BJ36-(1.96*(BJ35/(SQRT(2*BJ34*(BJ33-1))))) -> #DIV/0!
O38: CI_B | P38: =P36+(1.96*(P35/(SQRT(2*P34*(P33-1))))) -> 5.4328652 | AE38: CI_B | AF38: =AF36+(1.96*(AF35/(SQRT(2*AF34*(AF33-1))))) -> #DIV/0! | AT38: CI_B | AU38: =AU36+(1.96*(AU35/(SQRT(2*AU34*(AU33-1))))) -> #DIV/0! | BI38: CI_B | BJ38: =BJ36+(1.96*(BJ35/(SQRT(2*BJ34*(BJ33-1))))) -> #DIV/0!
A40: 40-49 | B40: Healthy | C40: HP-12 | D40: 67 | E40: 73 | F40: 69 | G40: 69 | H40: 68 | I40: 64 | J40: 75 | K40: 74 | L40: 76 | M40: 74 | P40: =IFERROR(STDEVA(D40:H40),#N/A) -> 2.2803509 | Q40: =MEDIAN(D40:H40) -> 69 | R40: =MAX(J40:O40) -> 76 | S40: =100*(R40-Q40)/Q40 -> 10.144928
B41: Healthy | C41: HP-15 | D41: 55 | E41: 58 | F41: 55 | G41: 56 | H41: 58 | I41: 60 | J41: 70 | K41: 69 | L41: 65 | M41: 62 | P41: =IFERROR(STDEVA(D41:H41),#N/A) -> 1.5165751 | Q41: =MEDIAN(D41:H41) -> 56 | R41: =MAX(J41:O41) -> 70 | S41: =100*(R41-Q41)/Q41 -> 25
B42: Healthy | C42: HP-20 | D42: 48 | E42: 46 | F42: 47 | G42: 51 | H42: 52 | I42: 43 | J42: 59 | K42: 58 | L42: 56 | M42: 53 | N42: 52 | O42: 56 | P42: =IFERROR(STDEVA(D42:H42),#N/A) -> 2.5884358 | Q42: =MEDIAN(D42:H42) -> 48 | R42: =MAX(J42:O42) -> 59 | S42: =100*(R42-Q42)/Q42 -> 22.916667 | T42: 47 | U42: 53 | V42: 51 | W42: 52 | X42: 53 | Y42: 41 | Z42: 60 | AA42: 60 | AB42: 59 | AC42: 55 | AD42: 52 | AE42: 52 | AI42: 53 | AJ42: 57 | AK42: 56 | AL42: 58 | AM42: 60 | AN42: 47 | AO42: 62 | AP42: 63 | AQ42: 61 | AR42: 59 | AS42: 58 | AT42: 57 | AX42: 51 | AY42: 54 | AZ42: 57 | BA42: 56 | BB42: 54 | BC42: 47 | BD42: 63 | BE42: 63 | BF42: 60 | BG42: 58 | BH42: 58 | BI42: 56
B43: Healthy | C43: HP-29 | D43: 47 | E43: 48 | F43: 49 | G43: 47 | I43: 41 | J43: 53 | K43: 46 | L43: 48 | M43: 50 | N43: 48 | O43: 48 | P43: =IFERROR(STDEVA(D43:H43),#N/A) -> 0.95742711 | Q43: =MEDIAN(D43:H43) -> 47.5 | R43: =MAX(J43:O43) -> 53 | S43: =100*(R43-Q43)/Q43 -> 11.578947
B44: Healthy | C44: HP-32 | D44: 42 | E44: 48 | F44: 43 | G44: 43 | H44: 48 | I44: 43 | J44: 57 | K44: 47 | L44: 44 | M44: 48 | N44: 48 | O44: 53 | P44: =IFERROR(STDEVA(D44:H44),#N/A) -> 2.9495762 | Q44: =MEDIAN(D44:H44) -> 43 | R44: =MAX(J44:O44) -> 57 | S44: =100*(R44-Q44)/Q44 -> 32.55814
B45: Healthy | C45: HP-35 | D45: 43 | E45: 46 | F45: 43 | G45: 45 | H45: 46 | I45: 46 | J45: 59 | K45: 56 | L45: 50 | M45: 51 | N45: 50 | O45: 51 | P45: =IFERROR(STDEVA(D45:H45),#N/A) -> 1.5165751 | Q45: =MEDIAN(D45:H45) -> 45 | R45: =MAX(J45:O45) -> 59 | S45: =100*(R45-Q45)/Q45 -> 31.111111 | T45: 52 | U45: 52 | V45: 51 | W45: 49 | X45: 54 | Y45: 40 | Z45: 60 | AA45: 59 | AB45: 53 | AC45: 54 | AD45: 50 | AE45: 51 | AI45: 53 | AJ45: 51 | AK45: 54 | AL45: 55 | AM45: 56 | AN45: 47 | AO45: 61 | AP45: 62 | AQ45: 61 | AR45: 61 | AS45: 58 | AT45: 61 | AX45: 53 | AY45: 56 | AZ45: 57 | BA45: 57 | BB45: 57 | BC45: 48 | BD45: 61 | BE45: 63 | BF45: 59 | BG45: 60 | BH45: 56 | BI45: 57
B46: Healthy | C46: HP-41 | D46: 42 | E46: 54 | F46: 53 | G46: 53 | H46: 52 | I46: 54 | J46: 50 | K46: 60 | L46: 58 | M46: 51 | N46: 53 | O46: 50 | P46: =IFERROR(STDEVA(D46:H46),#N/A) -> 4.9699095 | Q46: =MEDIAN(D46:H46) -> 53 | R46: =MAX(J46:O46) -> 60 | S46: =100*(R46-Q46)/Q46 -> 13.207547
B47: Healthy | C47: HP-44 | D47: 43 | E47: 43 | F47: 44 | G47: 44 | H47: 42 | I47: 44 | J47: 54 | K47: 48 | L47: 48 | M47: 47 | N47: 46 | O47: 47 | P47: =IFERROR(STDEVA(D47:H47),#N/A) -> 0.83666003 | Q47: =MEDIAN(D47:H47) -> 43 | R47: =MAX(J47:O47) -> 54 | S47: =100*(R47-Q47)/Q47 -> 25.581395
B48: Healthy | C48: HP-45 | D48: 54 | E48: 57 | F48: 55 | G48: 57 | H48: 56 | I48: 52 | J48: 56 | K48: 56 | L48: 54 | M48: 55 | N48: 53 | O48: 53 | P48: =IFERROR(STDEVA(D48:H48),#N/A) -> 1.3038405 | Q48: =MEDIAN(D48:H48) -> 56 | R48: =MAX(J48:O48) -> 56 | S48: =100*(R48-Q48)/Q48 -> 0
B49: Healthy | C49: HP-49 | D49: 53 | E49: 58 | F49: 66 | G49: 64 | H49: 63 | I49: 47 | J49: 62 | K49: 65 | L49: 65 | M49: 65 | N49: 66 | O49: 61 | P49: =IFERROR(STDEVA(D49:H49),#N/A) -> 5.2630789 | Q49: =MEDIAN(D49:H49) -> 63 | R49: =MAX(J49:O49) -> 66 | S49: =100*(R49-Q49)/Q49 -> 4.7619048
B50: Healthy | C50: HP-56 | D50: 55 | E50: 56 | F50: 63 | G50: 64 | H50: 64 | I50: 46 | J50: 60 | K50: 59 | L50: 59 | M50: 53 | N50: 52 | O50: 51 | P50: =IFERROR(STDEVA(D50:H50),#N/A) -> 4.5055521 | Q50: =MEDIAN(D50:H50) -> 63 | R50: =MAX(J50:O50) -> 60 | S50: =100*(R50-Q50)/Q50 -> -4.7619048 | T50: 52 | U50: 52 | V50: 58 | W50: 56 | X50: 59 | Y50: 44 | Z50: 62 | AA50: 60 | AB50: 61 | AC50: 61 | AD50: 60 | AE50: 60 | AI50: 48 | AJ50: 51 | AK50: 54 | AL50: 58 | AM50: 56 | AN50: 46 | AO50: 63 | AP50: 63 | AQ50: 62 | AR50: 60 | AS50: 57 | AT50: 52 | AX50: 51 | AY50: 47 | AZ50: 51 | BA50: 51 | BB50: 53 | BC50: 49 | BD50: 61 | BE50: 62 | BF50: 57 | BG50: 56 | BH50: 56 | BI50: 54
P51: Mean of median | Q51: =AVERAGE(Q41:Q50) -> 51.75 | R51: =AVERAGE(R42:R50) -> 58.222222 | S51: =AVERAGE(S40:S50) -> 15.64534
P52: SD | Q52: =STDEVA(Q41:Q50) -> 7.6130371 | R52: =STDEVA(R42:R50) -> 3.8658045 | S52: =STDEVA(S40:S50) -> 12.636274
P53: COV | Q53: =Q52/Q51 -> 0.14711183 | R53: =R52/R51 -> 0.066397406 | S53: =S52/S51 -> 0.80767019
O54: Number of scans per subject | P54: 5 | Q54: <-insert correct numbers before the analysis | AE54: Number of scans per subject | AF54: 5 | AG54: <-insert correct numbers before the analysis | AT54: Number of scans per subject | AU54: 5 | AV54: <-insert correct numbers before the analysis | BI54: Number of scans per subject | BJ54: 5 | BK54: <-insert correct numbers before the analysis
O55: Number of subjects | P55: 11 | Q55: <-insert correct numbers before the analysis | AE55: Number of subjects | AF55: 10 | AG55: <-insert correct numbers before the analysis | AT55: Number of subjects | AU55: 10 | AV55: <-insert correct numbers before the analysis | BI55: Number of subjects | BJ55: 10 | BK55: <-insert correct numbers before the analysis
O56: Within SD | P56: =SQRT(AVERAGE(P40:P53)) -> 1.6149298 | AE56: Within SD | AF56: =SQRT(AVERAGE(AF40:AF53)) -> #DIV/0! | AT56: Within SD | AU56: =SQRT(AVERAGE(AU40:AU53)) -> #DIV/0! | BI56: Within SD | BJ56: =SQRT(AVERAGE(BJ40:BJ53)) -> #DIV/0!
O57: CR | P57: =2.77*P56 -> 4.4733556 | AE57: CR | AF57: =2.77*AF56 -> #DIV/0! | AT57: CR | AU57: =2.77*AU56 -> #DIV/0! | BI57: CR | BJ57: =2.77*BJ56 -> #DIV/0!
O58: CI_A | P58: =P57-(1.96*(P56/(SQRT(2*P55*(P54-1))))) -> 4.1359375 | AE58: CI_A | AF58: =AF57-(1.96*(AF56/(SQRT(2*AF55*(AF54-1))))) -> #DIV/0! | AT58: CI_A | AU58: =AU57-(1.96*(AU56/(SQRT(2*AU55*(AU54-1))))) -> #DIV/0! | BI58: CI_A | BJ58: =BJ57-(1.96*(BJ56/(SQRT(2*BJ55*(BJ54-1))))) -> #DIV/0!
O59: CI_B | P59: =P57+(1.96*(P56/(SQRT(2*P55*(P54-1))))) -> 4.8107737 | AE59: CI_B | AF59: =AF57+(1.96*(AF56/(SQRT(2*AF55*(AF54-1))))) -> #DIV/0! | AT59: CI_B | AU59: =AU57+(1.96*(AU56/(SQRT(2*AU55*(AU54-1))))) -> #DIV/0! | BI59: CI_B | BJ59: =BJ57+(1.96*(BJ56/(SQRT(2*BJ55*(BJ54-1))))) -> #DIV/0!
A61: 50-59 | B61: Healthy | C61: HP-13 | D61: 68 | E61: 65 | F61: 70 | G61: 66 | H61: 68 | I61: 66 | J61: 76 | K61: 78 | L61: 82 | M61: 83 | P61: =IFERROR(STDEVA(D61:H61),#N/A) -> 1.9493589 | Q61: =MEDIAN(D61:H61) -> 68 | R61: =MAX(J61:O61) -> 83 | S61: =100*(R61-Q61)/Q61 -> 22.058824
B62: Healthy | C62: HP-14 | D62: 67 | E62: 71 | F62: 63 | G62: 60 | H62: 61 | I62: 55 | J62: 75 | K62: 77 | L62: 80 | M62: 80 | P62: =IFERROR(STDEVA(D62:H62),#N/A) -> 4.5607017 | Q62: =MEDIAN(D62:H62) -> 63 | R62: =MAX(J62:O62) -> 80 | S62: =100*(R62-Q62)/Q62 -> 26.984127
B63: Healthy | C63: HP-16 | D63: 67 | E63: 69 | F63: 70 | G63: 70 | H63: 70 | I63: 36 | J63: 75 | K63: 75 | L63: 73 | M63: 67 | P63: =IFERROR(STDEVA(D63:H63),#N/A) -> 1.3038405 | Q63: =MEDIAN(D63:H63) -> 70 | R63: =MAX(J63:O63) -> 75 | S63: =100*(R63-Q63)/Q63 -> 7.1428571
B64: Healthy | C64: HP-26 | D64: 58 | E64: 55 | F64: 55 | G64: 51 | H64: 44 | I64: 61 | J64: 58 | K64: 54 | L64: 51 | M64: 52 | N64: 51 | P64: =IFERROR(STDEVA(D64:H64),#N/A) -> 5.4129474 | Q64: =MEDIAN(D64:H64) -> 55 | R64: =MAX(J64:O64) -> 58 | S64: =100*(R64-Q64)/Q64 -> 5.4545455
B65: Healthy | C65: HP-28 | D65: 43 | E65: 42 | F65: 44 | G65: 43 | H65: 41 | I65: 50 | J65: 51 | K65: 57 | L65: 55 | M65: 51 | N65: 47 | O65: 39 | P65: =IFERROR(STDEVA(D65:H65),#N/A) -> 1.1401754 | Q65: =MEDIAN(D65:H65) -> 43 | R65: =MAX(J65:O65) -> 57 | S65: =100*(R65-Q65)/Q65 -> 32.55814 | T65: 42 | U65: 43 | V65: 45 | W65: 42 | X65: 42 | Y65: 48 | Z65: 53 | AA65: 50 | AB65: 51 | AC65: 46 | AD65: 46 | AE65: 46 | AI65: 59 | AJ65: 51 | AK65: 49 | AL65: 49 | AM65: 47 | AN65: 54 | AO65: 63 | AP65: 62 | AQ65: 66 | AR65: 58 | AS65: 57 | AT65: 50 | AX65: 46 | AY65: 47 | AZ65: 51 | BA65: 56 | BB65: 53 | BC65: 49 | BD65: 57 | BE65: 62 | BF65: 61 | BG65: 60 | BH65: 56 | BI65: 55
B66: Healthy | C66: HP-31 | D66: 50 | E66: 52 | F66: 50 | G66: 49 | H66: 50 | I66: 42 | J66: 55 | K66: 52 | L66: 47 | M66: 50 | N66: 50 | O66: 50 | P66: =IFERROR(STDEVA(D66:H66),#N/A) -> 1.0954451 | Q66: =MEDIAN(D66:H66) -> 50 | R66: =MAX(J66:O66) -> 55 | S66: =100*(R66-Q66)/Q66 -> 10
B67: Healthy | C67: HP-36 | D67: 47 | E67: 43 | F67: 44 | G67: 48 | H67: 50 | I67: 46 | J67: 56 | K67: 57 | L67: 51 | M67: 55 | N67: 53 | O67: 54 | P67: =IFERROR(STDEVA(D67:H67),#N/A) -> 2.8809721 | Q67: =MEDIAN(D67:H67) -> 47 | R67: =MAX(J67:O67) -> 57 | S67: =100*(R67-Q67)/Q67 -> 21.276596
B68: Healthy | C68: HP-37 | D68: 42 | E68: 54 | F68: 58 | G68: 65 | H68: 59 | I68: 43 | J68: 62 | K68: 66 | L68: 61 | M68: 57 | N68: 56 | O68: 54 | P68: =IFERROR(STDEVA(D68:H68),#N/A) -> 8.5615419 | Q68: =MEDIAN(D68:H68) -> 58 | R68: =MAX(J68:O68) -> 66 | S68: =100*(R68-Q68)/Q68 -> 13.793103 | T68: 46 | U68: 51 | V68: 48 | W68: 50 | X68: 49 | Y68: 45 | Z68: 61 | AA68: 58 | AB68: 60 | AC68: 58 | AD68: 56 | AE68: 55 | AI68: 49 | AJ68: 49 | AK68: 50 | AL68: 51 | AM68: 52 | AN68: 47 | AO68: 60 | AP68: 59 | AQ68: 58 | AR68: 59 | AS68: 59 | AT68: 57 | AX68: 59 | AY68: 57 | AZ68: 46 | BA68: 49 | BB68: 49 | BC68: 47 | BD68: 58 | BE68: 58 | BF68: 55 | BG68: 49 | BH68: 49 | BI68: 50
B69: Healthy | C69: HP-39 | D69: 53 | E69: 54 | F69: 55 | G69: 51 | H69: 51 | I69: 44 | J69: 60 | K69: 61 | L69: 60 | M69: 59 | N69: 56 | O69: 53 | P69: =IFERROR(STDEVA(D69:H69),#N/A) -> 1.7888544 | Q69: =MEDIAN(D69:H69) -> 53 | R69: =MAX(J69:O69) -> 61 | S69: =100*(R69-Q69)/Q69 -> 15.09434 | T69: 52 | U69: 54 | V69: 56 | W69: 54 | X69: 56 | Y69: 44 | Z69: 59 | AA69: 61 | AB69: 56 | AC69: 54 | AD69: 56 | AE69: 51
B70: Healthy | C70: HP-40 | E70: 50 | F70: 48 | G70: 47 | H70: 49 | I70: 42 | J70: 51 | K70: 47 | L70: 47 | M70: 44 | N70: 46 | O70: 45 | P70: =IFERROR(STDEVA(D70:H70),#N/A) -> 1.2909944 | Q70: =MEDIAN(D70:H70) -> 48.5 | R70: =MAX(J70:O70) -> 51 | S70: =100*(R70-Q70)/Q70 -> 5.1546392 | T70: 44 | U70: 41 | V70: 43 | W70: 42 | X70: 41 | Y70: 44 | Z70: 45 | AA70: 47 | AB70: 43 | AC70: 43 | AD70: 43 | AE70: 43 | AI70: 45 | AJ70: 44 | AK70: 49 | AL70: 48 | AM70: 53 | AN70: 44 | AO70: 59 | AP70: 54 | AQ70: 51 | AR70: 50 | AS70: 48 | AT70: 45 | AX70: 41 | AY70: 43 | AZ70: 45 | BA70: 43 | BB70: 42 | BC70: 42 | BD70: 58 | BE70: 52 | BF70: 49 | BG70: 48 | BH70: 46 | BI70: 44
P71: Mean of median | Q71: =AVERAGE(Q61:Q70) -> 55.55 | R71: =AVERAGE(R62:R70) -> 62.222222 | S71: =AVERAGE(S61:S70) -> 15.951717
P72: SD | Q72: =STDEVA(Q61:Q70) -> 9.0873844 | R72: =STDEVA(R62:R70) -> 9.653727 | S72: =STDEVA(S61:S70) -> 9.4769872
P73: COV | Q73: =Q72/Q71 -> 0.16358928 | R73: =R72/R71 -> 0.15514918 | S73: =S72/S71 -> 0.59410452
O74: Number of scans per subject | P74: 5 | Q74: <-insert correct numbers before the analysis | AE74: Number of scans per subject | AF74: 5 | AG74: <-insert correct numbers before the analysis | AT74: Number of scans per subject | AU74: 5 | AV74: <-insert correct numbers before the analysis | BI74: Number of scans per subject | BJ74: 5 | BK74: <-insert correct numbers before the analysis
O75: Number of subjects | P75: 10 | Q75: <-insert correct numbers before the analysis | AE75: Number of subjects | AF75: 10 | AG75: <-insert correct numbers before the analysis | AT75: Number of subjects | AU75: 10 | AV75: <-insert correct numbers before the analysis | BI75: Number of subjects | BJ75: 10 | BK75: <-insert correct numbers before the analysis
O76: Within SD | P76: =SQRT(AVERAGE(P61:P73)) -> 1.7316129 | AE76: Within SD | AF76: =SQRT(AVERAGE(AF61:AF73)) -> #DIV/0! | AT76: Within SD | AU76: =SQRT(AVERAGE(AU61:AU73)) -> #DIV/0! | BI76: Within SD | BJ76: =SQRT(AVERAGE(BJ61:BJ73)) -> #DIV/0!
O77: CR | P77: =2.77*P76 -> 4.7965677 | AE77: CR | AF77: =2.77*AF76 -> #DIV/0! | AT77: CR | AU77: =2.77*AU76 -> #DIV/0! | BI77: CR | BJ77: =2.77*BJ76 -> #DIV/0!
O78: CI_A | P78: =P77-(1.96*(P76/(SQRT(2*P75*(P74-1))))) -> 4.4171113 | AE78: CI_A | AF78: =AF77-(1.96*(AF76/(SQRT(2*AF75*(AF74-1))))) -> #DIV/0! | AT78: CI_A | AU78: =AU77-(1.96*(AU76/(SQRT(2*AU75*(AU74-1))))) -> #DIV/0! | BI78: CI_A | BJ78: =BJ77-(1.96*(BJ76/(SQRT(2*BJ75*(BJ74-1))))) -> #DIV/0!
O79: CI_B | P79: =P77+(1.96*(P76/(SQRT(2*P75*(P74-1))))) -> 5.1760241 | AE79: CI_B | AF79: =AF77+(1.96*(AF76/(SQRT(2*AF75*(AF74-1))))) -> #DIV/0! | AT79: CI_B | AU79: =AU77+(1.96*(AU76/(SQRT(2*AU75*(AU74-1))))) -> #DIV/0! | BI79: CI_B | BJ79: =BJ77+(1.96*(BJ76/(SQRT(2*BJ75*(BJ74-1))))) -> #DIV/0!
A81: 60-74 | B81: Healthy | C81: HP-17 | D81: 69 | E81: 74 | F81: 78 | G81: 77 | H81: 82 | I81: 57 | J81: 81 | K81: 86 | L81: 81 | M81: 82 | P81: =IFERROR(STDEVA(D81:H81),#N/A) -> 4.8476799 | Q81: =MEDIAN(D81:H81) -> 77 | R81: =MAX(J81:O81) -> 86 | S81: =100*(R81-Q81)/Q81 -> 11.688312
B82: Healthy | C82: HP-27 | D82: 43 | E82: 46 | F82: 48 | G82: 54 | H82: 52 | I82: 40 | J82: 43 | K82: 42 | L82: 42 | M82: 42 | N82: 41 | O82: 41 | P82: =IFERROR(STDEVA(D82:H82),#N/A) -> 4.4497191 | Q82: =MEDIAN(D82:H82) -> 48 | R82: =MAX(J82:O82) -> 43 | S82: =100*(R82-Q82)/Q82 -> -10.416667
B83: Healthy | C83: HP-34 | D83: 40 | E83: 44 | F83: 43 | G83: 45 | H83: 43 | I83: 39 | J83: 52 | K83: 47 | L83: 47 | M83: 47 | N83: 47 | O83: 47 | P83: =IFERROR(STDEVA(D83:H83),#N/A) -> 1.8708287 | Q83: =MEDIAN(D83:H83) -> 43 | R83: =MAX(J83:O83) -> 52 | S83: =100*(R83-Q83)/Q83 -> 20.930233 | T83: 41 | U83: 41 | V83: 44 | W83: 43 | X83: 46 | Y83: 40 | Z83: 45 | AA83: 51 | AB83: 46 | AC83: 46 | AD83: 45 | AE83: 45 | AI83: 53 | AJ83: 52 | AK83: 51 | AL83: 54 | AM83: 53 | AN83: 40 | AO83: 55 | AP83: 57 | AQ83: 56 | AR83: 53 | AS83: 52 | AT83: 51 | AX83: 44 | AY83: 42 | AZ83: 48 | BA83: 46 | BB83: 45 | BC83: 42 | BD83: 50 | BE83: 52 | BF83: 47 | BG83: 48 | BH83: 49 | BI83: 51
B84: Healthy | C84: HP-46 | D84: 50 | E84: 43 | F84: 43 | G84: 44 | H84: 44 | I84: 43 | J84: 61 | K84: 61 | L84: 58 | M84: 56 | N84: 54 | O84: 52 | P84: =IFERROR(STDEVA(D84:H84),#N/A) -> 2.9495762 | Q84: =MEDIAN(D84:H84) -> 44 | R84: =MAX(J84:O84) -> 61 | S84: =100*(R84-Q84)/Q84 -> 38.636364
B85: Healthy | C85: HP-53 | D85: 46 | E85: 53 | F85: 60 | G85: 57 | H85: 57 | I85: 49 | J85: 55 | K85: 63 | L85: 62 | M85: 54 | N85: 52 | O85: 55 | P85: =IFERROR(STDEVA(D85:H85),#N/A) -> 5.4129474 | Q85: =MEDIAN(D85:H85) -> 57 | R85: =MAX(J85:O85) -> 63 | S85: =100*(R85-Q85)/Q85 -> 10.526316
B86: Healthy | C86: HP-54 | D86: 50 | E86: 48 | F86: 51 | G86: 54 | H86: 51 | I86: 44 | J86: 57 | K86: 52 | L86: 54 | M86: 54 | N86: 52 | O86: 51 | P86: =IFERROR(STDEVA(D86:H86),#N/A) -> 2.1679483 | Q86: =MEDIAN(D86:H86) -> 51 | R86: =MAX(J86:O86) -> 57 | S86: =100*(R86-Q86)/Q86 -> 11.764706
B87: Healthy | C87: HP-55 | D87: 53 | E87: 46 | F87: 46 | G87: 47 | H87: 48 | I87: 44 | J87: 43 | K87: 59 | L87: 58 | M87: 55 | N87: 50 | O87: 49 | P87: =IFERROR(STDEVA(D87:H87),#N/A) -> 2.9154759 | Q87: =MEDIAN(D87:H87) -> 47 | R87: =MAX(J87:O87) -> 59 | S87: =100*(R87-Q87)/Q87 -> 25.531915
B88: Healthy | C88: HP-57 | D88: 56 | E88: 53 | F88: 53 | G88: 55 | H88: 57 | I88: 42 | J88: 60 | K88: 60 | L88: 59 | M88: 60 | N88: 58 | O88: 61 | P88: =IFERROR(STDEVA(D88:H88),#N/A) -> 1.7888544 | Q88: =MEDIAN(D88:H88) -> 55 | R88: =MAX(J88:O88) -> 61 | S88: =100*(R88-Q88)/Q88 -> 10.909091
B89: Healthy | C89: HP-23 | D89: 40 | E89: 46 | F89: 49 | G89: 45 | H89: 44 | I89: 40 | J89: 42 | K89: 42 | L89: 42 | M89: 42 | N89: 40 | O89: 42 | P89: =IFERROR(STDEVA(D89:H89),#N/A) -> 3.2710854 | Q89: =MEDIAN(D89:H89) -> 45 | R89: =MAX(J89:O89) -> 42 | S89: =100*(R89-Q89)/Q89 -> -6.6666667
B90: Healthy | C90: HP-47 | D90: 57 | E90: 54 | F90: 55 | G90: 55 | H90: 54 | I90: 43 | J90: 48 | K90: 56 | L90: 53 | M90: 53 | N90: 54 | O90: 51 | P90: =IFERROR(STDEVA(D90:H90),#N/A) -> 1.2247449 | Q90: =MEDIAN(D90:H90) -> 55 | R90: =MAX(J90:O90) -> 56 | S90: =100*(R90-Q90)/Q90 -> 1.8181818
B91: Healthy | C91: HP-51 | D91: 40 | E91: 40 | F91: 52 | G91: 56 | H91: 51 | I91: 30 | J91: 43 | K91: 45 | L91: 44 | M91: 42 | N91: 41 | O91: 42 | P91: =IFERROR(STDEVA(D91:H91),#N/A) -> 7.3620649 | Q91: =MEDIAN(D91:H91) -> 51 | R91: =MAX(J91:O91) -> 45 | S91: =100*(R91-Q91)/Q91 -> -11.764706
B92: Healthy | C92: HP-60 | D92: 49 | E92: 52 | F92: 58 | G92: 57 | H92: 54 | I92: 40 | J92: 54 | K92: 60 | L92: 59 | M92: 54 | N92: 53 | O92: 50 | P92: =IFERROR(STDEVA(D92:H92),#N/A) -> 3.6742346 | Q92: =MEDIAN(D92:H92) -> 54 | R92: =MAX(J92:O92) -> 60 | S92: =100*(R92-Q92)/Q92 -> 11.111111 | T92: 48 | U92: 45 | V92: 42 | W92: 60 | X92: 61 | Y92: 60 | Z92: 42 | AA92: 53 | AB92: 51 | AC92: 52 | AD92: 50 | AE92: 47 | AI92: 49 | AJ92: 52 | AK92: 55 | AL92: 56 | AM92: 52 | AN92: 43 | AO92: 62 | AP92: 62 | AQ92: 61 | AR92: 61 | AS92: 59 | AT92: 55 | AX92: 48 | AY92: 47 | AZ92: 50 | BA92: 49 | BB92: 49 | BC92: 40 | BD92: 60 | BE92: 54 | BF92: 53 | BG92: 49 | BH92: 47 | BI92: 41
B93: Healthy | C93: HP-48 | D93: 52 | E93: 53 | F93: 57 | G93: 57 | H93: 53 | I93: 48 | J93: 59 | K93: 64 | L93: 65 | M93: 64 | N93: 66 | O93: 63 | P93: =IFERROR(STDEVA(D93:H93),#N/A) -> 2.4083189 | Q93: =MEDIAN(D93:H93) -> 53 | R93: =MAX(J93:O93) -> 66 | S93: =100*(R93-Q93)/Q93 -> 24.528302 | T93: 59 | U93: 54 | V93: 53 | W93: 53 | X93: 55 | Y93: 47 | Z93: 59 | AA93: 56 | AB93: 57 | AC93: 53 | AD93: 52 | AE93: 57 | AT93: Number of scans per subject | AU93: 5 | AV93: <-insert correct numbers before the analysis | BI93: Number of scans per subject | BJ93: 5 | BK93: <-insert correct numbers before the analysis
P94: Mean of median | Q94: =AVERAGE(Q84:Q93) -> 51.2 | R94: =AVERAGE(R85:R93) -> 56.555556 | S94: =AVERAGE(S81:S93) -> 10.661269
P95: SD | Q95: =STDEVA(Q84:Q93) -> 4.4919681 | R95: =STDEVA(R85:R93) -> 8.0173423 | S95: =STDEVA(S84:S93) -> 15.163368
P96: COV | Q96: =Q95/Q94 -> 0.087733753 | R96: =R95/R94 -> 0.14176047 | S96: =S95/S94 -> 1.4222855
Q97: Number of scans per subject | S97: 5 | T97: <-insert correct numbers before the analysis | AE97: Number of scans per subject | AF97: 5 | AG97: <-insert correct numbers before the analysis | AT97: Number of subjects | AU97: 10 | AV97: <-insert correct numbers before the analysis | BI97: Number of subjects | BJ97: 10 | BK97: <-insert correct numbers before the analysis
Q98: Number of subjects | S98: 13 | T98: <-insert correct numbers before the analysis | AE98: Number of subjects | AF98: 10 | AG98: <-insert correct numbers before the analysis | AT98: Within SD | AU98: =SQRT(AVERAGE(AU81:AU92)) -> #DIV/0! | BI98: Within SD | BJ98: =SQRT(AVERAGE(BJ81:BJ92)) -> #DIV/0!
Q99: Within SD | S99: =SQRT(AVERAGE(P81:P92)) -> 1.869384 | AE99: Within SD | AF99: =SQRT(AVERAGE(AF81:AF92)) -> #DIV/0! | AT99: CR | AU99: =2.77*AU98 -> #DIV/0! | BI99: CR | BJ99: =2.77*BJ98 -> #DIV/0!
Q100: CR | S100: =2.77*S99 -> 5.1781938 | AE100: CR | AF100: =2.77*AF99 -> #DIV/0! | AT100: CI_A | AU100: =AU99-(1.96*(AU98/(SQRT(2*AU97*(AU93-1))))) -> #DIV/0! | BI100: CI_A | BJ100: =BJ99-(1.96*(BJ98/(SQRT(2*BJ97*(BJ93-1))))) -> #DIV/0!
Q101: CI_A | S101: =S100-(1.96*(S99/(SQRT(2*S98*(S97-1))))) -> 4.8189097 | AE101: CI_A | AF101: =AF100-(1.96*(AF99/(SQRT(2*AF98*(AF97-1))))) -> #DIV/0! | AT101: CI_B | AU101: =AU99+(1.96*(AU98/(SQRT(2*AU97*(AU93-1))))) -> #DIV/0! | BI101: CI_B | BJ101: =BJ99+(1.96*(BJ98/(SQRT(2*BJ97*(BJ93-1))))) -> #DIV/0!
R102: CI_B | S102: =S100+(1.96*(S99/(SQRT(2*S98*(S97-1))))) -> 5.5374778
A104: 40-69
B106: Diabetic | C106: DP-04 | D106: 43 | E106: 42 | F106: 42 | G106: 41 | H106: 42 | I106: 42 | J106: 44 | K106: 43 | L106: 43 | M106: 48 | N106: 45 | O106: 43 | P106: =IFERROR(STDEVA(D106:H106),#N/A) -> 0.70710678 | Q106: =MEDIAN(D106:H106) -> 42 | R106: =MAX(J106:O106) -> 48 | S106: =100*(R106-Q106)/Q106 -> 14.285714 | T106: 49 | U106: 51 | V106: 50 | W106: 49 | X106: 47 | Y106: 40 | Z106: 51 | AA106: 55 | AB106: 54 | AC106: 50 | AD106: 47 | AE106: 48 | AI106: 40 | AJ106: 41 | AK106: 52 | AL106: 54 | AM106: 43 | AN106: 40 | AO106: 39 | AP106: 42 | AQ106: 41 | AR106: 46 | AS106: 48 | AT106: 48 | AX106: 40 | AY106: 39 | AZ106: 39 | BA106: 40 | BB106: 40 | BC106: 40 | BD106: 40 | BE106: 42 | BF106: 40 | BG106: 40 | BH106: 39 | BI106: 37
...

Sheet PORH ANALYSIS
A3: Age group | B3: Health/disease | C3: Participant ID | D3: RCC parameter
A4: 20-29 | B4: Healthy
B5: Healthy | C5: HP-03 | D5: =('Vessel area density'!R4/'Vessel area density'!Q4*'Vessel Length Density'!R4/'Vessel Length Density'!Q4*'Branchpoint density'!R4/'Branchpoint density'!Q4)-1 -> 1.0848443 | F5: =10*D5 -> 10.848443
B6: Healthy | C6: HP-05 | D6: =('Vessel area density'!R5/'Vessel area density'!Q5*'Vessel Length Density'!R5/'Vessel Length Density'!Q5*'Branchpoint density'!R5/'Branchpoint density'!Q5)-1 -> 1.0838548 | F6: =10*D6 -> 10.838548
B7: Healthy | C7: HP-06 | D7: =('Vessel area density'!R6/'Vessel area density'!Q6*'Vessel Length Density'!R6/'Vessel Length Density'!Q6*'Branchpoint density'!R6/'Branchpoint density'!Q6)-1 -> 1.9971042 | F7: =10*D7 -> 19.971042
B8: Healthy | C8: HP-07 | D8: =('Vessel area density'!R7/'Vessel area density'!Q7*'Vessel Length Density'!R7/'Vessel Length Density'!Q7*'Branchpoint density'!R7/'Branchpoint density'!Q7)-1 -> 0.97610768 | F8: =10*D8 -> 9.7610768
B9: Healthy | C9: HP-09 | D9: =('Vessel area density'!R8/'Vessel area density'!Q8*'Vessel Length Density'!R8/'Vessel Length Density'!Q8*'Branchpoint density'!R8/'Branchpoint density'!Q8)-1 -> 7.7589289 | F9: =10*D9 -> 77.589289
B10: Healthy | C10: HP-10 | D10: =('Vessel area density'!R9/'Vessel area density'!Q9*'Vessel Length Density'!R9/'Vessel Length Density'!Q9*'Branchpoint density'!R9/'Branchpoint density'!Q9)-1 -> 4.088251 | F10: =10*D10 -> 40.88251
B11: Healthy | C11: HP-11 | D11: =('Vessel area density'!R10/'Vessel area density'!Q10*'Vessel Length Density'!R10/'Vessel Length Density'!Q10*'Branchpoint density'!R10/'Branchpoint density'!Q10)-1 -> 9.9738053 | F11: =10*D11 -> 99.738053
B12: Healthy | C12: HP-18 | D12: =('Vessel area density'!R11/'Vessel area density'!Q11*'Vessel Length Density'!R11/'Vessel Length Density'!Q11*'Branchpoint density'!R11/'Branchpoint density'!Q11)-1 -> 1.7616589 | F12: =10*D12 -> 17.616589
B13: Healthy | C13: HP-24 | D13: =('Vessel area density'!R12/'Vessel area density'!Q12*'Vessel Length Density'!R12/'Vessel Length Density'!Q12*'Branchpoint density'!R12/'Branchpoint density'!Q12)-1 -> 0.85945105 | F13: =10*D13 -> 8.5945105
B14: Healthy
B15: Healthy
B16: Healthy
A24: 30-39 | B24: Healthy | C24: HP-04 | D24: =('Vessel area density'!R23/'Vessel area density'!Q23*'Vessel Length Density'!R23/'Vessel Length Density'!Q23*'Branchpoint density'!R23/'Branchpoint density'!Q23)-1 -> 2.12973 | F24: =10*D24 -> 21.2973
B25: Healthy | C25: HP-08 | D25: =('Vessel area density'!R24/'Vessel area density'!Q24*'Vessel Length Density'!R24/'Vessel Length Density'!Q24*'Branchpoint density'!R24/'Branchpoint density'!Q24)-1 -> 3.3828331 | F25: =10*D25 -> 33.828331
B26: Healthy | C26: HP-19 | D26: =('Vessel area density'!R25/'Vessel area density'!Q25*'Vessel Length Density'!R25/'Vessel Length Density'!Q25*'Branchpoint density'!R25/'Branchpoint density'!Q25)-1 -> 16.749605 | F26: =10*D26 -> 167.49605
B27: Healthy | C27: HP-21 | D27: =('Vessel area density'!R26/'Vessel area density'!Q26*'Vessel Length Density'!R26/'Vessel Length Density'!Q26*'Branchpoint density'!R26/'Branchpoint density'!Q26)-1 -> 1.1863825 | F27: =10*D27 -> 11.863825
B28: Healthy | C28: HP-22 | D28: =('Vessel area density'!R27/'Vessel area density'!Q27*'Vessel Length Density'!R27/'Vessel Length Density'!Q27*'Branchpoint density'!R27/'Branchpoint density'!Q27)-1 -> -0.50246671 | F28: =-10*D28 -> 5.0246671
B29: Healthy | C29: HP-30 | D29: =('Vessel area density'!R28/'Vessel area density'!Q28*'Vessel Length Density'!R28/'Vessel Length Density'!Q28*'Branchpoint density'!R28/'Branchpoint density'!Q28)-1 -> 2.184169 | F29: =10*D29 -> 21.84169
B30: Healthy | C30: HP-38 | D30: =('Vessel area density'!R29/'Vessel area density'!Q29*'Vessel Length Density'!R29/'Vessel Length Density'!Q29*'Branchpoint density'!R29/'Branchpoint density'!Q29)-1 -> 2.1793323 | F30: =10*D30 -> 21.793323
B31: Healthy
B32: Healthy
B33: Healthy
B34: Healthy
B35: Healthy
B36: Healthy
A44: 40-49 | B44: Healthy | C44: HP-12 | D44: =('Vessel area density'!R40/'Vessel area density'!Q40*'Vessel Length Density'!R40/'Vessel Length Density'!Q40*'Branchpoint density'!R40/'Branchpoint density'!Q40)-1 -> 1.2897226 | F44: =10*D44 -> 12.897226
B45: Healthy | C45: HP-15 | D45: =('Vessel area density'!R41/'Vessel area density'!Q41*'Vessel Length Density'!R41/'Vessel Length Density'!Q41*'Branchpoint density'!R41/'Branchpoint density'!Q41)-1 -> 18.032045 | F45: =10*D45 -> 180.32045
B46: Healthy | C46: HP-20 | D46: =('Vessel area density'!R42/'Vessel area density'!Q42*'Vessel Length Density'!R42/'Vessel Length Density'!Q42*'Branchpoint density'!R42/'Branchpoint density'!Q42)-1 -> 5.2403071 | F46: =10*D46 -> 52.403071
B47: Healthy | C47: HP-29 | D47: =('Vessel area density'!R43/'Vessel area density'!Q43*'Vessel Length Density'!R43/'Vessel Length Density'!Q43*'Branchpoint density'!R43/'Branchpoint density'!Q43)-1 -> 7.1474152 | F47: =10*D47 -> 71.474152
B48: Healthy | C48: HP-32 | D48: =('Vessel area density'!R44/'Vessel area density'!Q44*'Vessel Length Density'!R44/'Vessel Length Density'!Q44*'Branchpoint density'!R44/'Branchpoint density'!Q44)-1 -> 2.4399642 | F48: =10*D48 -> 24.399642
B49: Healthy | C49: HP-35 | D49: =('Vessel area density'!R45/'Vessel area density'!Q45*'Vessel Length Density'!R45/'Vessel Length Density'!Q45*'Branchpoint density'!R45/'Branchpoint density'!Q45)-1 -> 5.9181366 | F49: =10*D49 -> 59.181366
B50: Healthy | C50: HP-41 | D50: =('Vessel area density'!R46/'Vessel area density'!Q46*'Vessel Length Density'!R46/'Vessel Length Density'!Q46*'Branchpoint density'!R46/'Branchpoint density'!Q46)-1 -> 2.60286 | F50: =10*D50 -> 26.0286
B51: Healthy | C51: HP-44 | D51: =('Vessel area density'!R47/'Vessel area density'!Q47*'Vessel Length Density'!R47/'Vessel Length Density'!Q47*'Branchpoint density'!R47/'Branchpoint density'!Q47)-1 -> 3.0301659 | F51: =10*D51 -> 30.301659
B52: Healthy | C52: HP-45 | D52: =('Vessel area density'!R48/'Vessel area density'!Q48*'Vessel Length Density'!R48/'Vessel Length Density'!Q48*'Branchpoint density'!R48/'Branchpoint density'!Q48)-1 -> 1.4011622 | F52: =10*D52 -> 14.011622
B53: Healthy | C53: HP-49 | D53: =('Vessel area density'!R49/'Vessel area density'!Q49*'Vessel Length Density'!R49/'Vessel Length Density'!Q49*'Branchpoint density'!R49/'Branchpoint density'!Q49)-1 -> 2.0345804 | F53: =10*D53 -> 20.345804
B54: Healthy | C54: HP-56 | D54: =('Vessel area density'!R50/'Vessel area density'!Q50*'Vessel Length Density'!R50/'Vessel Length Density'!Q50*'Branchpoint density'!R50/'Branchpoint density'!Q50)-1 -> 3.0809531 | F54: =10*D54 -> 30.809531
B55: Healthy
B56: Healthy
A65: 50-59 | B65: Healthy | C65: HP-13 | D65: =('Vessel area density'!R61/'Vessel area density'!Q61*'Vessel Length Density'!R61/'Vessel Length Density'!Q61*'Branchpoint density'!R61/'Branchpoint density'!Q61)-1 -> 2.654007 | F65: =10*D65 -> 26.54007
B66: Healthy | C66: HP-14 | D66: =('Vessel area density'!R62/'Vessel area density'!Q62*'Vessel Length Density'!R62/'Vessel Length Density'!Q62*'Branchpoint density'!R62/'Branchpoint density'!Q62)-1 -> 8.6350015 | F66: =10*D66 -> 86.350015
B67: Healthy | C67: HP-16 | D67: =('Vessel area density'!R63/'Vessel area density'!Q63*'Vessel Length Density'!R63/'Vessel Length Density'!Q63*'Branchpoint density'!R63/'Branchpoint density'!Q63)-1 -> 2.1152827 | F67: =10*D67 -> 21.152827
B68: Healthy | C68: HP-26 | D68: =('Vessel area density'!R64/'Vessel area density'!Q64*'Vessel Length Density'!R64/'Vessel Length Density'!Q64*'Branchpoint density'!R64/'Branchpoint density'!Q64)-1 -> 0.56757593 | F68: =10*D68 -> 5.6757593
B69: Healthy | C69: HP-28 | D69: =('Vessel area density'!R65/'Vessel area density'!Q65*'Vessel Length Density'!R65/'Vessel Length Density'!Q65*'Branchpoint density'!R65/'Branchpoint density'!Q65)-1 -> 1.7818774 | F69: =10*D69 -> 17.818774
B70: Healthy | C70: HP-31 | D70: =('Vessel area density'!R66/'Vessel area density'!Q66*'Vessel Length Density'!R66/'Vessel Length Density'!Q66*'Branchpoint density'!R66/'Branchpoint density'!Q66)-1 -> 3.1625591 | F70: =10*D70 -> 31.625591
B71: Healthy | C71: HP-36 | D71: =('Vessel area density'!R67/'Vessel area density'!Q67*'Vessel Length Density'!R67/'Vessel Length Density'!Q67*'Branchpoint density'!R67/'Branchpoint density'!Q67)-1 -> 4.4059259 | F71: =10*D71 -> 44.059259
B72: Healthy | C72: HP-37 | D72: =('Vessel area density'!R68/'Vessel area density'!Q68*'Vessel Length Density'!R68/'Vessel Length Density'!Q68*'Branchpoint density'!R68/'Branchpoint density'!Q68)-1 -> 4.9450292 | F72: =10*D72 -> 49.450292
B73: Healthy | C73: HP-39 | D73: =('Vessel area density'!R69/'Vessel area density'!Q69*'Vessel Length Density'!R69/'Vessel Length Density'!Q69*'Branchpoint density'!R69/'Branchpoint density'!Q69)-1 -> 1.3607571 | F73: =10*D73 -> 13.607571
B74: Healthy | C74: HP-40 | D74: =('Vessel area density'!R70/'Vessel area density'!Q70*'Vessel Length Density'!R70/'Vessel Length Density'!Q70*'Branchpoint density'!R70/'Branchpoint density'!Q70)-1 -> 1.3650382 | F74: =10*D74 -> 13.650382
B75: Healthy
B76: Healthy
B77: Healthy
A85: 60-74 | B85: Healthy | C85: HP-17 | D85: =('Vessel area density'!R81/'Vessel area density'!Q81*'Vessel Length Density'!R81/'Vessel Length Density'!Q81*'Branchpoint density'!R81/'Branchpoint density'!Q81)-1 -> 0.55141793 | F85: =10*D85 -> 5.5141793
B86: Healthy | C86: HP-27 | D86: =('Vessel area density'!R82/'Vessel area density'!Q82*'Vessel Length Density'!R82/'Vessel Length Density'!Q82*'Branchpoint density'!R82/'Branchpoint density'!Q82)-1 -> 0.11835598 | F86: =10*D86 -> 1.1835598
B87: Healthy | C87: HP-34 | D87: =('Vessel area density'!R83/'Vessel area density'!Q83*'Vessel Length Density'!R83/'Vessel Length Density'!Q83*'Branchpoint density'!R83/'Branchpoint density'!Q83)-1 -> 4.8407928 | F87: =10*D87 -> 48.407928
B88: Healthy | C88: HP-46 | D88: =('Vessel area density'!R84/'Vessel area density'!Q84*'Vessel Length Density'!R84/'Vessel Length Density'!Q84*'Branchpoint density'!R84/'Branchpoint density'!Q84)-1 -> 6.0269385 | F88: =10*D88 -> 60.269385
B89: Healthy | C89: HP-52
B90: Healthy | C90: HP-53 | D90: =('Vessel area density'!R85/'Vessel area density'!Q85*'Vessel Length Density'!R85/'Vessel Length Density'!Q85*'Branchpoint density'!R85/'Branchpoint density'!Q85)-1 -> 1.9017082 | F90: =10*D90 -> 19.017082
B91: Healthy | C91: HP-54 | D91: =('Vessel area density'!R86/'Vessel area density'!Q86*'Vessel Length Density'!R86/'Vessel Length Density'!Q86*'Branchpoint density'!R86/'Branchpoint density'!Q86)-1 -> 2.033262 | F91: =10*D91 -> 20.33262
B92: Healthy | C92: HP-55 | D92: =('Vessel area density'!R87/'Vessel area density'!Q87*'Vessel Length Density'!R87/'Vessel Length Density'!Q87*'Branchpoint density'!R87/'Branchpoint density'!Q87)-1 -> 3.9321238 | F92: =10*D92 -> 39.321238
B93: Healthy | C93: HP-57 | D93: =('Vessel area density'!R88/'Vessel area density'!Q88*'Vessel Length Density'!R88/'Vessel Length Density'!Q88*'Branchpoint density'!R88/'Branchpoint density'!Q88)-1 -> 1.6882867 | F93: =10*D93 -> 16.882867
B94: Healthy | C94: HP-23 | D94: =('Vessel area density'!R89/'Vessel area density'!Q89*'Vessel Length Density'!R89/'Vessel Length Density'!Q89*'Branchpoint density'!R89/'Branchpoint density'!Q89)-1 -> 5.9799417 | F94: =10*D94 -> 59.799417
B95: Healthy | C95: HP-47 | D95: =('Vessel area density'!R90/'Vessel area density'!Q90*'Vessel Length Density'!R90/'Vessel Length Density'!Q90*'Branchpoint density'!R90/'Branchpoint density'!Q90)-1 -> 0.058811226 | F95: =10*D95 -> 0.58811226
B96: Healthy | C96: HP-51 | D96: =('Vessel area density'!R91/'Vessel area density'!Q91*'Vessel Length Density'!R91/'Vessel Length Density'!Q91*'Branchpoint density'!R91/'Branchpoint density'!Q91)-1 -> 3.9570091 | F96: =10*D96 -> 39.570091
B97: Healthy | C97: HP-60 | D97: =('Vessel area density'!R92/'Vessel area density'!Q92*'Vessel Length Density'!R92/'Vessel Length Density'!Q92*'Branchpoint density'!R92/'Branchpoint density'!Q92)-1 -> 2.9947703 | F97: =10*D97 -> 29.947703
B98: Healthy | C98: HP-48 | D98: =('Vessel area density'!R93/'Vessel area density'!Q93*'Vessel Length Density'!R93/'Vessel Length Density'!Q93*'Branchpoint density'!R93/'Branchpoint density'!Q93)-1 -> 5.0689457 | F98: =10*D98 -> 50.689457
A108: 40-69 | B108: Diabetic | C108: DP-02 | D108: =('Vessel area density'!R125/'Vessel area density'!Q125*'Vessel Length Density'!R104/'Vessel Length Density'!Q104*'Branchpoint density'!R125/'Branchpoint density'!Q125)-1 -> #DIV/0! | F108: =10*D108 -> #DIV/0!
B109: Diabetic | C109: DP-03 | D109: =('Vessel area density'!R126/'Vessel area density'!Q126*'Vessel Length Density'!R105/'Vessel Length Density'!Q105*'Branchpoint density'!R126/'Branchpoint density'!Q126)-1 -> #DIV/0! | F109: =10*D109 -> #DIV/0!
B110: Diabetic | C110: DP-04 | D110: =('Vessel area density'!R106/'Vessel area density'!Q106*'Vessel Length Density'!R106/'Vessel Length Density'!Q106*'Branchpoint density'!R106/'Branchpoint density'!Q106)-1 -> 4.540845 | F110: =10*D110 -> 45.40845
B111: Diabetic | C111: DP-05 | D111: =('Vessel area density'!R107/'Vessel area density'!Q107*'Vessel Length Density'!R107/'Vessel Length Density'!Q107*'Branchpoint density'!R107/'Branchpoint density'!Q107)-1 -> -0.31738258 | F111: =-10*D111 -> 3.1738258
B112: Diabetic | C112: DP-06 | D112: =('Vessel area density'!R108/'Vessel area density'!Q108*'Vessel Length Density'!R108/'Vessel Length Density'!Q108*'Branchpoint density'!R108/'Branchpoint density'!Q108)-1 -> 3.3197425 | F112: =10*D112 -> 33.197425
B113: Diabetic | C113: DP-07 | D113: =('Vessel area density'!R127/'Vessel area density'!Q127*'Vessel Length Density'!R129/'Vessel Length Density'!Q129*'Branchpoint density'!R127/'Branchpoint density'!Q127)-1 -> 0.85383144 | F113: =10*D113 -> 8.5383144
B114: Diabetic | C114: DP-10 | D114: =('Vessel area density'!R109/'Vessel area density'!Q109*'Vessel Length Density'!R109/'Vessel Length Density'!Q109*'Branchpoint density'!R109/'Branchpoint density'!Q109)-1 -> 4.1424955 | F114: =10*D114 -> 41.424955
B115: Diabetic | C115: DP-11 | D115: =('Vessel area density'!R128/'Vessel area density'!Q128*'Vessel Length Density'!R130/'Vessel Length Density'!Q130*'Branchpoint density'!R128/'Branchpoint density'!Q128)-1 -> 2.7175746 | F115: =10*D115 -> 27.175746
B116: Diabetic | C116: DP-12 | D116: =('Vessel area density'!R110/'Vessel area density'!Q110*'Vessel Length Density'!R110/'Vessel Length Density'!Q110*'Branchpoint density'!R110/'Branchpoint density'!Q110)-1 -> 12.820521 | F116: =10*D116 -> 128.20521
B117: Diabetic | C117: DP-13 | D117: =('Vessel area density'!R111/'Vessel area density'!Q111*'Vessel Length Density'!R111/'Vessel Length Density'!Q111*'Branchpoint density'!R111/'Branchpoint density'!Q111)-1 -> 3.8610512 | F117: =10*D117 -> 38.610512
B118: Diabetic | C118: DP-14 | D118: =('Vessel area density'!R129/'Vessel area density'!Q129*'Vessel Length Density'!R131/'Vessel Length Density'!Q131*'Branchpoint density'!R129/'Branchpoint density'!Q129)-1 -> 4.4737076 | F118: =10*D118 -> 44.737076
B119: Diabetic | C119: DP-15 | D119: =('Vessel area density'!R112/'Vessel area density'!Q112*'Vessel Length Density'!R112/'Vessel Length Density'!Q112*'Branchpoint density'!R112/'Branchpoint density'!Q112)-1 -> 2.8167939 | F119: =10*D119 -> 28.167939

Sheet Fractal dimension
D1: SESSION 1 | P1: Coefficient of repeatibility analysis from the baseline scans | T1: SESSION 2 | AF1: Coefficient of repeatibility analysis from the baseline scans | AI1: SESSION 3 | AU1: Coefficient of repeatibility analysis from the baseline scans | AX1: SESSION 4 | BJ1: Coefficient of repeatibility analysis from the baseline scans
D2: Baseline | I2: Ischemia | J2: PORH | Q2: Median value of 5 measures | R2: MAX PORH | S2: Absolute diff between PORH and Median | T2: Baseline | Y2: Ischemia | Z2: PORH | AI2: Baseline | AN2: Ischemia | AO2: PORH | AX2: Baseline | BC2: Ischemia | BD2: PORH
A3: Age group | B3: Health/disease | C3: Participant ID | D3: Scan 1 | E3: Scan 2 | F3: Scan 3 | G3: Scan 4 | H3: Scan 5 | I3: Scan 6 | J3: Scan 7 | K3: Scan 8 | L3: Scan 9 | M3: Scan 10 | N3: Scan 11 | O3: Scan 12 | P3: Variance of (SD) | T3: Scan 1 | U3: Scan 2 | V3: Scan 3 | W3: Scan 4 | X3: Scan 5 | Y3: Scan 6 | Z3: Scan 7 | AA3: Scan 8 | AB3: Scan 9 | AC3: Scan 10 | AD3: Scan 11 | AE3: Scan 12 | AF3: Variance of (SD) | AI3: Scan 1 | AJ3: Scan 2 | AK3: Scan 3 | AL3: Scan 4 | AM3: Scan 5 | AN3: Scan 6 | AO3: Scan 7 | AP3: Scan 8 | AQ3: Scan 9 | AR3: Scan 10 | AS3: Scan 11 | AT3: Scan 12 | AU3: Variance of (SD) | AX3: Scan 1 | AY3: Scan 2 | AZ3: Scan 3 | BA3: Scan 4 | BB3: Scan 5 | BC3: Scan 6 | BD3: Scan 7 | BE3: Scan 8 | BF3: Scan 9 | BG3: Scan 10 | BH3: Scan 11 | BI3: Scan 12 | BJ3: Variance of (SD)
B4: Healthy | C4: HP-03 | D4: 1.33 | E4: 1.35 | F4: 1.33 | G4: 1.34 | H4: 1.34 | I4: 1.28 | J4: 1.39 | K4: 1.36 | L4: 1.38 | M4: 1.36 | P4: =IFERROR(STDEVA(D4:H4),#N/A) -> 0.0083666003 | Q4: =MEDIAN(D4:H4) -> 1.34 | R4: =MAX(J4:O4) -> 1.39 | S4: =100*(R4-Q4)/Q4 -> 3.7313433 | AF4: =IFERROR(STDEVA(T4:X4),#N/A) -> #N/A | AU4: =IFERROR(STDEVA(AI4:AM4),#N/A) -> #N/A | BJ4: =IFERROR(STDEVA(AX4:BB4),#N/A) -> #N/A
B5: Healthy | C5: HP-05 | D5: 1.4 | E5: 1.39 | F5: 1.41 | G5: 1.42 | H5: 1.42 | I5: 1.35 | J5: 1.44 | K5: 1.43 | L5: 1.44 | M5: 1.44 | P5: =IFERROR(STDEVA(D5:H5),#N/A) -> 0.013038405 | Q5: =MEDIAN(D5:H5) -> 1.41 | R5: =MAX(J5:O5) -> 1.44 | S5: =100*(R5-Q5)/Q5 -> 2.1276596 | AF5: =IFERROR(STDEVA(T5:X5),#N/A) -> #N/A | AU5: =IFERROR(STDEVA(AI5:AM5),#N/A) -> #N/A | BJ5: =IFERROR(STDEVA(AX5:BB5),#N/A) -> #N/A
B6: Healthy | C6: HP-06 | D6: 1.4 | E6: 1.41 | F6: 1.4 | G6: 1.41 | H6: 1.41 | I6: 1.35 | J6: 1.45 | K6: 1.45 | L6: 1.45 | M6: 1.43 | P6: =IFERROR(STDEVA(D6:H6),#N/A) -> 0.0054772256 | Q6: =MEDIAN(D6:H6) -> 1.41 | R6: =MAX(J6:O6) -> 1.45 | S6: =100*(R6-Q6)/Q6 -> 2.8368794 | AF6: =IFERROR(STDEVA(T6:X6),#N/A) -> #N/A | AU6: =IFERROR(STDEVA(AI6:AM6),#N/A) -> #N/A | BJ6: =IFERROR(STDEVA(AX6:BB6),#N/A) -> #N/A
B7: Healthy | C7: HP-07 | D7: 1.37 | E7: 1.37 | F7: 1.38 | G7: 1.37 | H7: 1.39 | I7: 1.29 | J7: 1.42 | K7: 1.42 | L7: 1.4 | M7: 1.41 | P7: =IFERROR(STDEVA(D7:H7),#N/A) -> 0.0089442719 | Q7: =MEDIAN(D7:H7) -> 1.37 | R7: =MAX(J7:O7) -> 1.42 | S7: =100*(R7-Q7)/Q7 -> 3.649635 | AF7: =IFERROR(STDEVA(T7:X7),#N/A) -> #N/A | AU7: =IFERROR(STDEVA(AI7:AM7),#N/A) -> #N/A | BJ7: =IFERROR(STDEVA(AX7:BB7),#N/A) -> #N/A
B8: Healthy | C8: HP-09 | D8: 1.35 | E8: 1.39 | F8: 1.4 | G8: 1.39 | H8: 1.38 | I8: 1.34 | J8: 1.45 | K8: 1.44 | L8: 1.43 | M8: 1.42 | P8: =IFERROR(STDEVA(D8:H8),#N/A) -> 0.019235384 | Q8: =MEDIAN(D8:H8) -> 1.39 | R8: =MAX(J8:O8) -> 1.45 | S8: =100*(R8-Q8)/Q8 -> 4.3165468 | AF8: =IFERROR(STDEVA(T8:X8),#N/A) -> #N/A | AU8: =IFERROR(STDEVA(AI8:AM8),#N/A) -> #N/A | BJ8: =IFERROR(STDEVA(AX8:BB8),#N/A) -> #N/A
B9: Healthy | C9: HP-10 | D9: 1.37 | E9: 1.37 | F9: 1.37 | G9: 1.37 | H9: 1.36 | I9: 1.38 | J9: 1.43 | K9: 1.4 | L9: 1.38 | M9: 1.39 | P9: =IFERROR(STDEVA(D9:H9),#N/A) -> 0.004472136 | Q9: =MEDIAN(D9:H9) -> 1.37 | R9: =MAX(J9:O9) -> 1.43 | S9: =100*(R9-Q9)/Q9 -> 4.379562 | AF9: =IFERROR(STDEVA(T9:X9),#N/A) -> #N/A | AU9: =IFERROR(STDEVA(AI9:AM9),#N/A) -> #N/A | BJ9: =IFERROR(STDEVA(AX9:BB9),#N/A) -> #N/A
B10: Healthy | C10: HP-11 | D10: 1.36 | E10: 1.38 | F10: 1.34 | G10: 1.35 | H10: 1.35 | I10: 1.35 | J10: 1.42 | K10: 1.42 | L10: 1.41 | M10: 1.38 | P10: =IFERROR(STDEVA(D10:H10),#N/A) -> 0.015165751 | Q10: =MEDIAN(D10:H10) -> 1.35 | R10: =MAX(J10:O10) -> 1.42 | S10: =100*(R10-Q10)/Q10 -> 5.1851852 | AF10: =IFERROR(STDEVA(T10:X10),#N/A) -> #N/A | AU10: =IFERROR(STDEVA(AI10:AM10),#N/A) -> #N/A | BJ10: =IFERROR(STDEVA(AX10:BB10),#N/A) -> #N/A
B11: Healthy | C11: HP-18 | D11: 1.34 | E11: 1.35 | F11: 1.42 | G11: 1.42 | H11: 1.41 | I11: 1.31 | J11: 1.45 | K11: 1.45 | L11: 1.44 | M11: 1.45 | P11: =IFERROR(STDEVA(D11:H11),#N/A) -> 0.039623226 | Q11: =MEDIAN(D11:H11) -> 1.41 | R11: =MAX(J11:O11) -> 1.45 | S11: =100*(R11-Q11)/Q11 -> 2.8368794 | AF11: =IFERROR(STDEVA(T11:X11),#N/A) -> #N/A | AU11: =IFERROR(STDEVA(AI11:AM11),#N/A) -> #N/A | BJ11: =IFERROR(STDEVA(AX11:BB11),#N/A) -> #N/A
B12: Healthy | C12: HP-24 | D12: 1.39 | E12: 1.41 | F12: 1.42 | G12: 1.42 | H12: 1.41 | I12: 1.39 | J12: 1.43 | K12: 1.43 | L12: 1.41 | M12: 1.43 | N12: 1.41 | O12: 1.4 | P12: =IFERROR(STDEVA(D12:H12),#N/A) -> 0.012247449 | Q12: =MEDIAN(D12:H12) -> 1.41 | R12: =MAX(J12:O12) -> 1.43 | S12: =100*(R12-Q12)/Q12 -> 1.4184397 | AF12: =IFERROR(STDEVA(T12:X12),#N/A) -> #N/A | AU12: =IFERROR(STDEVA(AI12:AM12),#N/A) -> #N/A | BJ12: =IFERROR(STDEVA(AX12:BB12),#N/A) -> #N/A
P13: Mean of median | Q13: =AVERAGE(Q4:Q12) -> 1.3844444 | R13: =AVERAGE(R4:R12) -> 1.4311111 | S13: =AVERAGE(S4:S12) -> 3.3869034 | AF13: =IFERROR(STDEVA(T13:X13),#N/A) -> #N/A | AU13: =IFERROR(STDEVA(AI13:AM13),#N/A) -> #N/A | BJ13: =IFERROR(STDEVA(AX13:BB13),#N/A) -> #N/A
P14: SD | Q14: =STDEVA(Q4:Q12) -> 0.027888668 | R14: =STDEVA(R4:R12) -> 0.01964971 | S14: =STDEVA(S4:S12) -> 1.1904143 | AF14: =IFERROR(STDEVA(T14:X14),#N/A) -> #N/A | AU14: =IFERROR(STDEVA(AI14:AM14),#N/A) -> #N/A | BJ14: =IFERROR(STDEVA(AX14:BB14),#N/A) -> #N/A
P15: COV | Q15: =Q14/Q13 -> 0.020144302 | R15: =R14/R13 -> 0.013730388 | S15: =S14/S13 -> 0.35147571 | AF15: =IFERROR(STDEVA(T15:X15),#N/A) -> #N/A | AU15: =IFERROR(STDEVA(AI15:AM15),#N/A) -> #N/A | BJ15: =IFERROR(STDEVA(AX15:BB15),#N/A) -> #N/A
O16: Number of scans per subject | P16: 5 | Q16: <-insert correct numbers before the analysis | AE16: Number of scans per subject | AF16: 5 | AG16: <-insert correct numbers before the analysis | AT16: Number of scans per subject | AU16: 5 | AV16: <-insert correct numbers before the analysis | BI16: Number of scans per subject | BJ16: 5 | BK16: <-insert correct numbers before the analysis
O17: Number of subjects | P17: 9 | Q17: <-insert correct numbers before the analysis | AE17: Number of subjects | AF17: 10 | AG17: <-insert correct numbers before the analysis | AT17: Number of subjects | AU17: 10 | AV17: <-insert correct numbers before the analysis | BI17: Number of subjects | BJ17: 10 | BK17: <-insert correct numbers before the analysis
O18: Within SD | P18: =SQRT(AVERAGE(P4:P15)) -> 0.11858914 | AE18: Within SD | AF18: =SQRT(AVERAGE(AF4:AF15)) -> #N/A | AT18: Within SD | AU18: =SQRT(AVERAGE(AU4:AU15)) -> #N/A | BI18: Within SD | BJ18: =SQRT(AVERAGE(BJ4:BJ15)) -> #N/A
O19: CR | P19: =2.77*P18 -> 0.32849191 | AE19: CR | AF19: =2.77*AF18 -> #N/A | AT19: CR | AU19: =2.77*AU18 -> #N/A | BI19: CR | BJ19: =2.77*BJ18 -> #N/A
O20: CI_A | P20: =P19-(1.96*(P18/(SQRT(2*P17*(P16-1))))) -> 0.30109921 | AE20: CI_A | AF20: =AF19-(1.96*(AF18/(SQRT(2*AF17*(AF16-1))))) -> #N/A | AT20: CI_A | AU20: =AU19-(1.96*(AU18/(SQRT(2*AU17*(AU16-1))))) -> #N/A | BI20: CI_A | BJ20: =BJ19-(1.96*(BJ18/(SQRT(2*BJ17*(BJ16-1))))) -> #N/A
O21: CI_B | P21: =P19+(1.96*(P18/(SQRT(2*P17*(P16-1))))) -> 0.3558846 | AE21: CI_B | AF21: =AF19+(1.96*(AF18/(SQRT(2*AF17*(AF16-1))))) -> #N/A | AT21: CI_B | AU21: =AU19+(1.96*(AU18/(SQRT(2*AU17*(AU16-1))))) -> #N/A | BI21: CI_B | BJ21: =BJ19+(1.96*(BJ18/(SQRT(2*BJ17*(BJ16-1))))) -> #N/A
A23: 30-39 | B23: Healthy | C23: HP-04 | D23: 1.37 | E23: 1.36 | F23: 1.37 | G23: 1.38 | H23: 1.4 | I23: 1.29 | J23: 1.43 | K23: 1.41 | L23: 1.4 | M23: 1.4 | P23: =IFERROR(STDEVA(D23:H23),#N/A) -> 0.015165751 | Q23: =MEDIAN(D23:H23) -> 1.37 | R23: =MAX(J23:O23) -> 1.43 | S23: =100*(R23-Q23)/Q23 -> 4.379562
B24: Healthy | C24: HP-08 | D24: 1.36 | E24: 1.4 | F24: 1.4 | G24: 1.39 | H24: 1.38 | I24: 1.33 | J24: 1.44 | K24: 1.44 | L24: 1.43 | M24: 1.43 | P24: =IFERROR(STDEVA(D24:H24),#N/A) -> 0.016733201 | Q24: =MEDIAN(D24:H24) -> 1.39 | R24: =MAX(J24:O24) -> 1.44 | S24: =100*(R24-Q24)/Q24 -> 3.5971223
B25: Healthy | C25: HP-19 | D25: 1.3 | E25: 1.33 | F25: 1.31 | G25: 1.32 | H25: 1.35 | I25: 1.3 | J25: 1.4 | K25: 1.4 | L25: 1.42 | M25: 1.38 | P25: =IFERROR(STDEVA(D25:H25),#N/A) -> 0.019235384 | Q25: =MEDIAN(D25:H25) -> 1.32 | R25: =MAX(J25:O25) -> 1.42 | S25: =100*(R25-Q25)/Q25 -> 7.5757576
B26: Healthy | C26: HP-21 | D26: 1.42 | E26: 1.43 | F26: 1.45 | G26: 1.43 | H26: 1.44 | I26: 1.36 | J26: 1.47 | K26: 1.44 | L26: 1.44 | M26: 1.44 | N26: 1.44 | O26: 1.44 | P26: =IFERROR(STDEVA(D26:H26),#N/A) -> 0.011401754 | Q26: =MEDIAN(D26:H26) -> 1.43 | R26: =MAX(J26:O26) -> 1.47 | S26: =100*(R26-Q26)/Q26 -> 2.7972028 | T26: 1.42 | U26: 1.42 | V26: 1.42 | W26: 1.41 | X26: 1.44 | Y26: 1.4 | Z26: 1.46 | AA26: 1.46 | AB26: 1.45 | AC26: 1.44 | AD26: 1.45 | AE26: 1.45 | AI26: 1.44 | AJ26: 1.45 | AK26: 1.44 | AL26: 1.43 | AM26: 1.44 | AN26: 1.39 | AO26: 1.44 | AP26: 1.46 | AQ26: 1.46 | AR26: 1.44 | AS26: 1.45 | AT26: 1.45 | AX26: 1.44 | AY26: 1.44 | AZ26: 1.44 | BA26: 1.45 | BB26: 1.45 | BC26: 1.36 | BD26: 1.46 | BE26: 1.46 | BF26: 1.46 | BG26: 1.46 | BH26: 1.46 | BI26: 1.46
B27: Healthy | C27: HP-22 | D27: 1.45 | E27: 1.38 | F27: 1.46 | G27: 1.47 | H27: 1.47 | I27: 1.39 | J27: 1.43 | K27: 1.41 | L27: 1.42 | M27: 1.41 | N27: 1.44 | O27: 1.43 | P27: =IFERROR(STDEVA(D27:H27),#N/A) -> 0.037815341 | Q27: =MEDIAN(D27:H27) -> 1.46 | R27: =MAX(J27:O27) -> 1.44 | S27: =100*(R27-Q27)/Q27 -> -1.369863
B28: Healthy | C28: HP-30 | D28: 1.37 | E28: 1.38 | F28: 1.39 | G28: 1.39 | H28: 1.37 | I28: 1.4 | J28: 1.4 | K28: 1.42 | L28: 1.43 | M28: 1.43 | N28: 1.43 | O28: 1.41 | P28: =IFERROR(STDEVA(D28:H28),#N/A) -> 0.01 | Q28: =MEDIAN(D28:H28) -> 1.38 | R28: =MAX(J28:O28) -> 1.43 | S28: =100*(R28-Q28)/Q28 -> 3.6231884
B29: Healthy | C29: HP-38 | D29: 1.43 | E29: 1.4 | F29: 1.37 | G29: 1.38 | H29: 1.37 | I29: 1.39 | J29: 1.43 | K29: 1.39 | L29: 1.37 | M29: 1.38 | N29: 1.39 | O29: 1.37 | P29: =IFERROR(STDEVA(D29:H29),#N/A) -> 0.025495098 | Q29: =MEDIAN(D29:H29) -> 1.38 | R29: =MAX(J29:O29) -> 1.43 | S29: =100*(R29-Q29)/Q29 -> 3.6231884
P30: Mean of median | Q30: =AVERAGE(Q19:Q29) -> 1.39 | R30: =AVERAGE(R21:R29) -> 1.4371429 | S30: =AVERAGE(S19:S29) -> 3.4608798
P31: SD | Q31: =STDEVA(Q19:Q29) -> 0.04472136 | R31: =STDEVA(R21:R29) -> 0.016035675 | S31: =STDEVA(S19:S29) -> 2.6338815
P32: COV | Q32: =Q31/Q30 -> 0.03217364 | R32: =R31/R30 -> 0.011158024 | S32: =S31/S30 -> 0.76104391
O33: Number of scans per subject | P33: 5 | Q33: <-insert correct numbers before the analysis | AE33: Number of scans per subject | AF33: 5 | AG33: <-insert correct numbers before the analysis | AT33: Number of scans per subject | AU33: 5 | AV33: <-insert correct numbers before the analysis | BI33: Number of scans per subject | BJ33: 5 | BK33: <-insert correct numbers before the analysis
O34: Number of subjects | P34: 7 | Q34: <-insert correct numbers before the analysis | AE34: Number of subjects | AF34: 10 | AG34: <-insert correct numbers before the analysis | AT34: Number of subjects | AU34: 10 | AV34: <-insert correct numbers before the analysis | BI34: Number of subjects | BJ34: 10 | BK34: <-insert correct numbers before the analysis
O35: Within SD | P35: =SQRT(AVERAGE(P23:P32)) -> 0.13930774 | AE35: Within SD | AF35: =SQRT(AVERAGE(AF23:AF32)) -> #DIV/0! | AT35: Within SD | AU35: =SQRT(AVERAGE(AU23:AU32)) -> #DIV/0! | BI35: Within SD | BJ35: =SQRT(AVERAGE(BJ23:BJ32)) -> #DIV/0!
O36: CR | P36: =2.77*P35 -> 0.38588244 | AE36: CR | AF36: =2.77*AF35 -> #DIV/0! | AT36: CR | AU36: =2.77*AU35 -> #DIV/0! | BI36: CR | BJ36: =2.77*BJ35 -> #DIV/0!
O37: CI_A | P37: =P36-(1.96*(P35/(SQRT(2*P34*(P33-1))))) -> 0.34939552 | AE37: CI_A | AF37: =AF36-(1.96*(AF35/(SQRT(2*AF34*(AF33-1))))) -> #DIV/0! | AT37: CI_A | AU37: =AU36-(1.96*(AU35/(SQRT(2*AU34*(AU33-1))))) -> #DIV/0! | BI37: CI_A | BJ37: =BJ36-(1.96*(BJ35/(SQRT(2*BJ34*(BJ33-1))))) -> #DIV/0!
O38: CI_B | P38: =P36+(1.96*(P35/(SQRT(2*P34*(P33-1))))) -> 0.42236937 | AE38: CI_B | AF38: =AF36+(1.96*(AF35/(SQRT(2*AF34*(AF33-1))))) -> #DIV/0! | AT38: CI_B | AU38: =AU36+(1.96*(AU35/(SQRT(2*AU34*(AU33-1))))) -> #DIV/0! | BI38: CI_B | BJ38: =BJ36+(1.96*(BJ35/(SQRT(2*BJ34*(BJ33-1))))) -> #DIV/0!
A40: 40-49 | B40: Healthy | C40: HP-12 | D40: 1.38 | E40: 1.39 | F40: 1.39 | G40: 1.4 | H40: 1.39 | I40: 1.32 | J40: 1.42 | K40: 1.41 | L40: 1.41 | M40: 1.4 | P40: =IFERROR(STDEVA(D40:H40),#N/A) -> 0.0070710678 | Q40: =MEDIAN(D40:H40) -> 1.39 | R40: =MAX(J40:O40) -> 1.42 | S40: =100*(R40-Q40)/Q40 -> 2.1582734
B41: Healthy | C41: HP-15 | D41: 1.36 | E41: 1.33 | F41: 1.33 | G41: 1.33 | H41: 1.33 | I41: 1.3 | J41: 1.43 | K41: 1.41 | L41: 1.39 | M41: 1.37 | P41: =IFERROR(STDEVA(D41:H41),#N/A) -> 0.013416408 | Q41: =MEDIAN(D41:H41) -> 1.33 | R41: =MAX(J41:O41) -> 1.43 | S41: =100*(R41-Q41)/Q41 -> 7.518797
B42: Healthy | C42: HP-20 | D42: 1.4 | E42: 1.4 | F42: 1.39 | G42: 1.41 | H42: 1.41 | I42: 1.4 | J42: 1.45 | K42: 1.44 | L42: 1.43 | M42: 1.42 | N42: 1.4 | O42: 1.44 | P42: =IFERROR(STDEVA(D42:H42),#N/A) -> 0.0083666003 | Q42: =MEDIAN(D42:H42) -> 1.4 | R42: =MAX(J42:O42) -> 1.45 | S42: =100*(R42-Q42)/Q42 -> 3.5714286 | T42: 1.42 | U42: 1.39 | V42: 1.4 | W42: 1.38 | X42: 1.4 | Y42: 1.37 | Z42: 1.45 | AA42: 1.45 | AB42: 1.44 | AC42: 1.43 | AD42: 1.41 | AE42: 1.42 | AI42: 1.39 | AJ42: 1.41 | AK42: 1.42 | AL42: 1.42 | AM42: 1.44 | AN42: 1.37 | AO42: 1.44 | AP42: 1.44 | AQ42: 1.44 | AR42: 1.43 | AS42: 1.42 | AT42: 1.42 | AX42: 1.4 | AY42: 1.4 | AZ42: 1.42 | BA42: 1.42 | BB42: 1.42 | BC42: 1.38 | BD42: 1.44 | BE42: 1.44 | BF42: 1.44 | BG42: 1.43 | BH42: 1.43 | BI42: 1.44
B43: Healthy | C43: HP-29 | D43: 1.36 | E43: 1.35 | F43: 1.38 | G43: 1.38 | I43: 1.41 | J43: 1.44 | K43: 1.42 | L43: 1.4 | M43: 1.4 | N43: 1.42 | O43: 1.42 | P43: =IFERROR(STDEVA(D43:H43),#N/A) -> 0.015 | Q43: =MEDIAN(D43:H43) -> 1.37 | R43: =MAX(J43:O43) -> 1.44 | S43: =100*(R43-Q43)/Q43 -> 5.1094891
B44: Healthy | C44: HP-32 | D44: 1.42 | E44: 1.4 | F44: 1.4 | G44: 1.4 | H44: 1.41 | I44: 1.39 | J44: 1.44 | K44: 1.4 | L44: 1.4 | M44: 1.41 | N44: 1.41 | O44: 1.41 | P44: =IFERROR(STDEVA(D44:H44),#N/A) -> 0.0089442719 | Q44: =MEDIAN(D44:H44) -> 1.4 | R44: =MAX(J44:O44) -> 1.44 | S44: =100*(R44-Q44)/Q44 -> 2.8571429
B45: Healthy | C45: HP-35 | D45: 1.39 | E45: 1.41 | F45: 1.4 | G45: 1.41 | H45: 1.4 | I45: 1.4 | J45: 1.46 | K45: 1.44 | L45: 1.43 | M45: 1.43 | N45: 1.44 | O45: 1.43 | P45: =IFERROR(STDEVA(D45:H45),#N/A) -> 0.0083666003 | Q45: =MEDIAN(D45:H45) -> 1.4 | R45: =MAX(J45:O45) -> 1.46 | S45: =100*(R45-Q45)/Q45 -> 4.2857143 | T45: 1.37 | U45: 1.39 | V45: 1.38 | W45: 1.38 | X45: 1.37 | Y45: 1.38 | Z45: 1.47 | AA45: 1.44 | AB45: 1.42 | AC45: 1.41 | AD45: 1.41 | AE45: 1.41 | AI45: 1.42 | AJ45: 1.42 | AK45: 1.42 | AL45: 1.42 | AM45: 1.42 | AN45: 1.41 | AO45: 1.46 | AP45: 1.46 | AQ45: 1.45 | AR45: 1.44 | AS45: 1.44 | AT45: 1.44 | AX45: 1.41 | AY45: 1.42 | AZ45: 1.42 | BA45: 1.42 | BB45: 1.42 | BC45: 1.4 | BD45: 1.45 | BE45: 1.44 | BF45: 1.43 | BG45: 1.43 | BH45: 1.43 | BI45: 1.43
B46: Healthy | C46: HP-41 | D46: 1.39 | E46: 1.39 | F46: 1.4 | G46: 1.4 | H46: 1.41 | I46: 1.41 | J46: 1.39 | K46: 1.44 | L46: 1.43 | M46: 1.43 | N46: 1.43 | O46: 1.41 | P46: =IFERROR(STDEVA(D46:H46),#N/A) -> 0.0083666003 | Q46: =MEDIAN(D46:H46) -> 1.4 | R46: =MAX(J46:O46) -> 1.44 | S46: =100*(R46-Q46)/Q46 -> 2.8571429
B47: Healthy | C47: HP-44 | D47: 1.41 | E47: 1.42 | F47: 1.41 | G47: 1.42 | H47: 1.41 | I47: 1.39 | J47: 1.45 | K47: 1.4 | L47: 1.42 | M47: 1.4 | N47: 1.41 | O47: 1.41 | P47: =IFERROR(STDEVA(D47:H47),#N/A) -> 0.0054772256 | Q47: =MEDIAN(D47:H47) -> 1.41 | R47: =MAX(J47:O47) -> 1.45 | S47: =100*(R47-Q47)/Q47 -> 2.8368794
B48: Healthy | C48: HP-45 | D48: 1.42 | E48: 1.42 | F48: 1.43 | G48: 1.43 | H48: 1.42 | I48: 1.33 | J48: 1.46 | K48: 1.45 | L48: 1.44 | M48: 1.44 | N48: 1.44 | O48: 1.44 | P48: =IFERROR(STDEVA(D48:H48),#N/A) -> 0.0054772256 | Q48: =MEDIAN(D48:H48) -> 1.42 | R48: =MAX(J48:O48) -> 1.46 | S48: =100*(R48-Q48)/Q48 -> 2.8169014
B49: Healthy | C49: HP-49 | D49: 1.37 | E49: 1.38 | F49: 1.41 | G49: 1.41 | H49: 1.4 | I49: 1.37 | J49: 1.45 | K49: 1.43 | L49: 1.42 | M49: 1.41 | N49: 1.41 | O49: 1.42 | P49: =IFERROR(STDEVA(D49:H49),#N/A) -> 0.018165902 | Q49: =MEDIAN(D49:H49) -> 1.4 | R49: =MAX(J49:O49) -> 1.45 | S49: =100*(R49-Q49)/Q49 -> 3.5714286
B50: Healthy | C50: HP-56 | D50: 1.38 | E50: 1.38 | F50: 1.4 | G50: 1.41 | H50: 1.41 | I50: 1.37 | J50: 1.46 | K50: 1.46 | L50: 1.44 | M50: 1.43 | N50: 1.42 | O50: 1.41 | P50: =IFERROR(STDEVA(D50:H50),#N/A) -> 0.015165751 | Q50: =MEDIAN(D50:H50) -> 1.4 | R50: =MAX(J50:O50) -> 1.46 | S50: =100*(R50-Q50)/Q50 -> 4.2857143 | T50: 1.41 | U50: 1.4 | V50: 1.41 | W50: 1.42 | X50: 1.42 | Y50: 1.38 | Z50: 1.46 | AA50: 1.45 | AB50: 1.44 | AC50: 1.43 | AD50: 1.43 | AE50: 1.43 | AI50: 1.4 | AJ50: 1.4 | AK50: 1.4 | AL50: 1.42 | AM50: 1.42 | AN50: 1.39 | AO50: 1.46 | AP50: 1.45 | AQ50: 1.43 | AR50: 1.43 | AS50: 1.43 | AT50: 1.42 | AX50: 1.38 | AY50: 1.4 | AZ50: 1.42 | BA50: 1.4 | BB50: 1.41 | BC50: 1.39 | BD50: 1.46 | BE50: 1.44 | BF50: 1.43 | BG50: 1.43 | BH50: 1.42 | BI50: 1.44
P51: Mean of median | Q51: =AVERAGE(Q41:Q50) -> 1.393 | R51: =AVERAGE(R42:R50) -> 1.45 | S51: =AVERAGE(S40:S50) -> 3.8062647
P52: SD | Q52: =STDEVA(Q41:Q50) -> 0.025407785 | R52: =STDEVA(R42:R50) -> 0.008660254 | S52: =STDEVA(S40:S50) -> 1.4995805
P53: COV | Q53: =Q52/Q51 -> 0.018239616 | R53: =R52/R51 -> 0.005972589 | S53: =S52/S51 -> 0.39397694
